#contig	Length	S1/S1.ffn.trimmed.S1_r1.bam
S1_CAIHDJAA_00001	216	7.0972
S1_CAIHDJAA_00002	408	3.6887
S1_CAIHDJAA_00003	114	5.9035
S1_CAIHDJAA_00004	342	4.7602
S1_CAIHDJAA_00005	213	3.0282
S1_CAIHDJAA_00006	465	6.4925
S1_CAIHDJAA_00007	189	3.3862
S1_CAIHDJAA_00008	261	4.8084
S1_CAIHDJAA_00009	732	372.4003
S1_CAIHDJAA_00010	207	4.5411
S1_CAIHDJAA_00011	579	28.6390
S1_CAIHDJAA_00012	558	28.0538
S1_CAIHDJAA_00013	339	5.2065
S1_CAIHDJAA_00014	468	6.9060
S1_CAIHDJAA_00015	297	5.1212
S1_CAIHDJAA_00016	345	4.2696
S1_CAIHDJAA_00017	939	106.6826
S1_CAIHDJAA_00018	243	82.9753
S1_CAIHDJAA_00019	99	32.4242
S1_CAIHDJAA_00020	132	73.1970
S1_CAIHDJAA_00021	171	5.0234
S1_CAIHDJAA_00022	303	4.9406
S1_CAIHDJAA_00023	135	4.4444
S1_CAIHDJAA_00024	210	103.4619
S1_CAIHDJAA_00025	600	4.9733
S1_CAIHDJAA_00026	177	51.6384
S1_CAIHDJAA_00027	222	3.9820
S1_CAIHDJAA_00028	1356	283.9285
S1_CAIHDJAA_00029	225	5.3333
S1_CAIHDJAA_00030	390	4.0051
S1_CAIHDJAA_00031	459	8.2353
S1_CAIHDJAA_00032	438	5.1461
S1_CAIHDJAA_00033	180	6.4611
S1_CAIHDJAA_00034	189	3.7460
S1_CAIHDJAA_00035	810	13.4012
S1_CAIHDJAA_00036	282	3.9007
S1_CAIHDJAA_00037	465	3.8237
S1_CAIHDJAA_00038	171	3.7953
S1_CAIHDJAA_00039	318	9.8711
S1_CAIHDJAA_00040	2502	72.4492
S1_CAIHDJAA_00041	470	17.4660
S1_CAIHDJAA_00042	156	2.6026
S1_CAIHDJAA_00043	417	5.9376
S1_CAIHDJAA_00044	309	105.6116
S1_CAIHDJAA_00045	849	84.4252
S1_CAIHDJAA_00046	1719	99.1274
S1_CAIHDJAA_00047	903	102.6246
S1_CAIHDJAA_00048	207	66.9662
S1_CAIHDJAA_00049	309	5.1780
S1_CAIHDJAA_00050	396	3.8561
S1_CAIHDJAA_00051	393	107.8677
S1_CAIHDJAA_00052	633	121.8120
S1_CAIHDJAA_00053	438	4.0274
S1_CAIHDJAA_00054	381	3.1522
S1_CAIHDJAA_00055	375	3.1333
S1_CAIHDJAA_00056	225	3.7778
S1_CAIHDJAA_00057	252	95.7024
S1_CAIHDJAA_00058	534	91.9438
S1_CAIHDJAA_00059	1734	93.3201
S1_CAIHDJAA_00060	1383	98.5300
S1_CAIHDJAA_00061	249	101.4217
S1_CAIHDJAA_00062	204	86.3971
S1_CAIHDJAA_00063	678	98.4263
S1_CAIHDJAA_00064	1128	93.5071
S1_CAIHDJAA_00065	1065	85.7418
S1_CAIHDJAA_00066	438	101.7237
S1_CAIHDJAA_00067	1320	94.3045
S1_CAIHDJAA_00068	102	94.5686
S1_CAIHDJAA_00069	912	99.0592
S1_CAIHDJAA_00070	771	99.8340
S1_CAIHDJAA_00071	675	110.6415
S1_CAIHDJAA_00072	432	110.8449
S1_CAIHDJAA_00073	420	102.1381
S1_CAIHDJAA_00074	168	103.5000
S1_CAIHDJAA_00075	795	89.7107
S1_CAIHDJAA_00076	219	5.9452
S1_CAIHDJAA_00077	279	195.5054
S1_CAIHDJAA_00078	465	186.2882
S1_CAIHDJAA_00079	222	156.2928
S1_CAIHDJAA_00080	171	74.9883
S1_CAIHDJAA_00081	747	93.4819
S1_CAIHDJAA_00082	204	94.3922
S1_CAIHDJAA_00083	885	92.9096
S1_CAIHDJAA_00084	76	51.9605
S1_CAIHDJAA_00085	77	70.7662
S1_CAIHDJAA_00086	459	13.9826
S1_CAIHDJAA_00087	228	5.4123
S1_CAIHDJAA_00088	459	5.3878
S1_CAIHDJAA_00089	375	8.5307
S1_CAIHDJAA_00090	396	3.6919
S1_CAIHDJAA_00091	483	4.7039
S1_CAIHDJAA_00092	240	4.7042
S1_CAIHDJAA_00093	327	104.6208
S1_CAIHDJAA_00094	1014	85.6538
S1_CAIHDJAA_00095	186	92.1774
S1_CAIHDJAA_00096	522	101.3238
S1_CAIHDJAA_00097	1050	85.9000
S1_CAIHDJAA_00098	885	99.6090
S1_CAIHDJAA_00099	573	104.2024
S1_CAIHDJAA_00100	261	73.5785
S1_CAIHDJAA_00101	798	76.8872
S1_CAIHDJAA_00102	1368	181.6469
S1_CAIHDJAA_00103	567	86.4709
S1_CAIHDJAA_00104	660	86.9773
S1_CAIHDJAA_00105	837	92.4815
S1_CAIHDJAA_00106	816	95.8848
S1_CAIHDJAA_00107	303	77.5710
S1_CAIHDJAA_00108	1002	87.8393
S1_CAIHDJAA_00109	1410	91.3638
S1_CAIHDJAA_00110	804	83.7699
S1_CAIHDJAA_00111	387	83.2997
S1_CAIHDJAA_00112	342	108.0585
S1_CAIHDJAA_00113	291	80.0069
S1_CAIHDJAA_00114	1215	93.5202
S1_CAIHDJAA_00115	1329	86.2671
S1_CAIHDJAA_00116	558	66.2061
S1_CAIHDJAA_00117	144	87.4792
S1_CAIHDJAA_00118	1170	86.6231
S1_CAIHDJAA_00119	96	90.9688
S1_CAIHDJAA_00120	1677	102.9445
S1_CAIHDJAA_00121	696	107.9023
S1_CAIHDJAA_00122	780	101.3103
S1_CAIHDJAA_00123	888	94.4302
S1_CAIHDJAA_00124	741	94.7733
S1_CAIHDJAA_00125	888	107.8300
S1_CAIHDJAA_00126	1299	105.4226
S1_CAIHDJAA_00127	516	98.0795
S1_CAIHDJAA_00128	147	99.1225
S1_CAIHDJAA_00129	927	81.0205
S1_CAIHDJAA_00130	252	75.3770
S1_CAIHDJAA_00131	600	84.4350
S1_CAIHDJAA_00132	1212	95.5652
S1_CAIHDJAA_00133	1110	87.4396
S1_CAIHDJAA_00134	1581	94.3106
S1_CAIHDJAA_00135	1320	88.0901
S1_CAIHDJAA_00136	1104	89.2111
S1_CAIHDJAA_00137	1551	82.6628
S1_CAIHDJAA_00138	429	94.4312
S1_CAIHDJAA_00139	282	83.9184
S1_CAIHDJAA_00140	153	87.1830
S1_CAIHDJAA_00141	258	89.8333
S1_CAIHDJAA_00142	1245	93.8345
S1_CAIHDJAA_00143	1593	94.9755
S1_CAIHDJAA_00144	186	1.8548
S1_CAIHDJAA_00145	1401	88.7637
S1_CAIHDJAA_00146	1557	94.6057
S1_CAIHDJAA_00147	1173	99.0418
S1_CAIHDJAA_00148	795	112.7585
S1_CAIHDJAA_00149	1260	94.8730
S1_CAIHDJAA_00150	1527	92.1362
S1_CAIHDJAA_00151	615	86.6049
S1_CAIHDJAA_00152	1011	93.1879
S1_CAIHDJAA_00153	1398	93.8734
S1_CAIHDJAA_00154	2202	90.0086
S1_CAIHDJAA_00155	675	83.3778
S1_CAIHDJAA_00156	333	3.2132
S1_CAIHDJAA_00157	291	6.8488
S1_CAIHDJAA_00158	399	5.9373
S1_CAIHDJAA_00159	408	6.2917
S1_CAIHDJAA_00160	783	389.0779
S1_CAIHDJAA_00161	513	5.6940
S1_CAIHDJAA_00162	2070	98.2961
S1_CAIHDJAA_00163	471	93.4098
S1_CAIHDJAA_00164	375	93.9813
S1_CAIHDJAA_00165	309	74.6699
S1_CAIHDJAA_00166	3555	97.8425
S1_CAIHDJAA_00167	3717	95.2701
S1_CAIHDJAA_00168	378	96.5661
S1_CAIHDJAA_00169	534	92.2060
S1_CAIHDJAA_00170	693	89.6450
S1_CAIHDJAA_00171	423	78.8511
S1_CAIHDJAA_00172	525	94.7010
S1_CAIHDJAA_00173	198	82.8232
S1_CAIHDJAA_00174	435	4.2552
S1_CAIHDJAA_00175	837	89.0072
S1_CAIHDJAA_00176	654	68.6437
S1_CAIHDJAA_00177	1035	84.0097
S1_CAIHDJAA_00178	93	90.8172
S1_CAIHDJAA_00179	549	94.9326
S1_CAIHDJAA_00180	1713	87.2499
S1_CAIHDJAA_00181	528	88.8125
S1_CAIHDJAA_00182	1131	86.0354
S1_CAIHDJAA_00183	810	81.2173
S1_CAIHDJAA_00184	873	97.4410
S1_CAIHDJAA_00185	291	84.9553
S1_CAIHDJAA_00186	624	92.5240
S1_CAIHDJAA_00187	213	76.6620
S1_CAIHDJAA_00188	1200	81.8350
S1_CAIHDJAA_00189	2199	85.9395
S1_CAIHDJAA_00190	480	98.0729
S1_CAIHDJAA_00191	933	85.1200
S1_CAIHDJAA_00192	753	86.1541
S1_CAIHDJAA_00193	684	95.4927
S1_CAIHDJAA_00194	1335	97.4801
S1_CAIHDJAA_00195	1029	92.3149
S1_CAIHDJAA_00196	744	91.2970
S1_CAIHDJAA_00197	1878	96.3237
S1_CAIHDJAA_00198	882	82.4206
S1_CAIHDJAA_00199	651	86.0876
S1_CAIHDJAA_00200	636	88.6903
S1_CAIHDJAA_00201	189	93.6138
S1_CAIHDJAA_00202	351	86.6239
S1_CAIHDJAA_00203	1602	94.0768
S1_CAIHDJAA_00204	2046	90.1422
S1_CAIHDJAA_00205	843	92.1459
S1_CAIHDJAA_00206	228	58.5526
S1_CAIHDJAA_00207	258	14.9419
S1_CAIHDJAA_00208	909	30.8504
S1_CAIHDJAA_00209	339	8.6519
S1_CAIHDJAA_00210	279	6.0430
S1_CAIHDJAA_00211	219	83.3379
S1_CAIHDJAA_00212	159	95.0063
S1_CAIHDJAA_00213	1284	87.9688
S1_CAIHDJAA_00214	1623	91.4935
S1_CAIHDJAA_00215	1146	96.9869
S1_CAIHDJAA_00216	1155	97.5732
S1_CAIHDJAA_00217	618	83.5243
S1_CAIHDJAA_00218	621	75.1272
S1_CAIHDJAA_00219	759	94.8485
S1_CAIHDJAA_00220	1407	78.8046
S1_CAIHDJAA_00221	510	80.1137
S1_CAIHDJAA_00222	378	82.9841
S1_CAIHDJAA_00223	1188	92.9301
S1_CAIHDJAA_00224	609	86.8391
S1_CAIHDJAA_00225	414	84.8986
S1_CAIHDJAA_00226	309	76.4110
S1_CAIHDJAA_00227	747	93.9558
S1_CAIHDJAA_00228	486	78.7510
S1_CAIHDJAA_00229	246	59.3252
S1_CAIHDJAA_00230	2799	87.1783
S1_CAIHDJAA_00231	1296	90.2307
S1_CAIHDJAA_00232	642	93.7445
S1_CAIHDJAA_00233	741	96.1417
S1_CAIHDJAA_00234	957	91.6761
S1_CAIHDJAA_00235	1038	86.9143
S1_CAIHDJAA_00236	1725	97.7600
S1_CAIHDJAA_00237	759	105.1028
S1_CAIHDJAA_00238	771	95.8690
S1_CAIHDJAA_00239	801	98.0250
S1_CAIHDJAA_00240	1191	94.3182
S1_CAIHDJAA_00241	294	86.5918
S1_CAIHDJAA_00242	1179	99.0848
S1_CAIHDJAA_00243	1428	96.0231
S1_CAIHDJAA_00244	588	84.8265
S1_CAIHDJAA_00245	1017	79.4828
S1_CAIHDJAA_00246	783	93.0358
S1_CAIHDJAA_00247	612	101.6536
S1_CAIHDJAA_00248	1176	98.3469
S1_CAIHDJAA_00249	789	79.8441
S1_CAIHDJAA_00250	783	78.4074
S1_CAIHDJAA_00251	534	93.1498
S1_CAIHDJAA_00252	492	3.8801
S1_CAIHDJAA_00253	534	186.3745
S1_CAIHDJAA_00254	1386	200.2417
S1_CAIHDJAA_00255	249	72.2771
S1_CAIHDJAA_00256	366	91.6694
S1_CAIHDJAA_00257	2100	173.5905
S1_CAIHDJAA_00258	369	195.8699
S1_CAIHDJAA_00259	405	2.8346
S1_CAIHDJAA_00260	882	101.1791
S1_CAIHDJAA_00261	174	115.5575
S1_CAIHDJAA_00262	561	100.6274
S1_CAIHDJAA_00263	561	93.9394
S1_CAIHDJAA_00264	843	107.4567
S1_CAIHDJAA_00265	894	97.6398
S1_CAIHDJAA_00266	5544	101.7179
S1_CAIHDJAA_00267	216	105.2037
S1_CAIHDJAA_00268	768	105.9076
S1_CAIHDJAA_00269	978	104.4560
S1_CAIHDJAA_00270	1056	102.5634
S1_CAIHDJAA_00271	1176	105.9804
S1_CAIHDJAA_00272	1047	109.8749
S1_CAIHDJAA_00273	174	30.0690
S1_CAIHDJAA_00274	204	5.8578
S1_CAIHDJAA_00275	606	91.3366
S1_CAIHDJAA_00276	240	76.4333
S1_CAIHDJAA_00277	123	4.1789
S1_CAIHDJAA_00278	192	7.1198
S1_CAIHDJAA_00279	3585	107.9699
S1_CAIHDJAA_00280	954	100.6939
S1_CAIHDJAA_00281	741	90.5209
S1_CAIHDJAA_00282	975	93.9538
S1_CAIHDJAA_00283	1191	98.0798
S1_CAIHDJAA_00284	921	106.0586
S1_CAIHDJAA_00285	1578	104.8916
S1_CAIHDJAA_00286	1143	98.4409
S1_CAIHDJAA_00287	1089	97.7163
S1_CAIHDJAA_00288	672	92.8854
S1_CAIHDJAA_00289	1116	94.2733
S1_CAIHDJAA_00290	891	99.5174
S1_CAIHDJAA_00291	915	98.9388
S1_CAIHDJAA_00292	1398	99.0572
S1_CAIHDJAA_00293	909	87.9373
S1_CAIHDJAA_00294	849	101.7562
S1_CAIHDJAA_00295	924	103.9286
S1_CAIHDJAA_00296	957	86.5987
S1_CAIHDJAA_00297	1491	104.4440
S1_CAIHDJAA_00298	393	93.6768
S1_CAIHDJAA_00299	930	89.4677
S1_CAIHDJAA_00300	1083	102.6620
S1_CAIHDJAA_00301	918	101.8268
S1_CAIHDJAA_00302	1203	103.5278
S1_CAIHDJAA_00303	1164	92.9545
S1_CAIHDJAA_00304	1536	100.0566
S1_CAIHDJAA_00305	1110	103.0964
S1_CAIHDJAA_00306	1503	93.4930
S1_CAIHDJAA_00307	1317	98.9377
S1_CAIHDJAA_00308	123	93.1219
S1_CAIHDJAA_00309	654	99.6407
S1_CAIHDJAA_00310	1254	102.8341
S1_CAIHDJAA_00311	1209	106.5906
S1_CAIHDJAA_00312	855	99.8678
S1_CAIHDJAA_00313	450	99.8533
S1_CAIHDJAA_00314	813	97.3506
S1_CAIHDJAA_00315	795	100.3535
S1_CAIHDJAA_00316	585	84.9692
S1_CAIHDJAA_00317	2748	100.8814
S1_CAIHDJAA_00318	1119	103.2931
S1_CAIHDJAA_00319	648	91.9769
S1_CAIHDJAA_00320	963	99.3759
S1_CAIHDJAA_00321	1146	92.9450
S1_CAIHDJAA_00322	117	85.8376
S1_CAIHDJAA_00323	1170	96.5291
S1_CAIHDJAA_00324	291	102.8144
S1_CAIHDJAA_00325	960	103.7042
S1_CAIHDJAA_00326	1380	98.9239
S1_CAIHDJAA_00327	327	105.3211
S1_CAIHDJAA_00328	474	85.4008
S1_CAIHDJAA_00329	2934	101.5930
S1_CAIHDJAA_00330	417	100.1247
S1_CAIHDJAA_00331	234	105.4060
S1_CAIHDJAA_00332	813	86.5055
S1_CAIHDJAA_00333	159	80.0377
S1_CAIHDJAA_00334	870	95.5862
S1_CAIHDJAA_00335	1203	89.6484
S1_CAIHDJAA_00336	846	93.4125
S1_CAIHDJAA_00337	948	84.5295
S1_CAIHDJAA_00338	462	88.5498
S1_CAIHDJAA_00339	273	108.0843
S1_CAIHDJAA_00340	150	94.6267
S1_CAIHDJAA_00341	1050	94.3314
S1_CAIHDJAA_00342	921	90.4082
S1_CAIHDJAA_00343	1044	180.4061
S1_CAIHDJAA_00344	996	95.3645
S1_CAIHDJAA_00345	297	101.6498
S1_CAIHDJAA_00346	648	83.9923
S1_CAIHDJAA_00347	795	90.1887
S1_CAIHDJAA_00348	156	94.2756
S1_CAIHDJAA_00349	684	83.1637
S1_CAIHDJAA_00350	312	99.3750
S1_CAIHDJAA_00351	180	91.9944
S1_CAIHDJAA_00352	786	98.7481
S1_CAIHDJAA_00353	1014	79.5523
S1_CAIHDJAA_00354	1854	83.9860
S1_CAIHDJAA_00355	1842	68.0733
S1_CAIHDJAA_00356	681	65.6520
S1_CAIHDJAA_00357	354	82.2345
S1_CAIHDJAA_00358	1848	89.1645
S1_CAIHDJAA_00359	519	85.0250
S1_CAIHDJAA_00360	1323	90.9509
S1_CAIHDJAA_00361	1383	197.2350
S1_CAIHDJAA_00362	1563	91.4728
S1_CAIHDJAA_00363	939	104.2822
S1_CAIHDJAA_00364	1245	92.9341
S1_CAIHDJAA_00365	498	87.3414
S1_CAIHDJAA_00366	1356	98.1792
S1_CAIHDJAA_00367	1641	87.7044
S1_CAIHDJAA_00368	198	86.8586
S1_CAIHDJAA_00369	912	94.8476
S1_CAIHDJAA_00370	2424	95.0945
S1_CAIHDJAA_00371	501	101.8064
S1_CAIHDJAA_00372	573	87.6911
S1_CAIHDJAA_00373	258	88.5194
S1_CAIHDJAA_00374	174	91.2931
S1_CAIHDJAA_00375	1353	88.8241
S1_CAIHDJAA_00376	786	93.9491
S1_CAIHDJAA_00377	588	94.6616
S1_CAIHDJAA_00378	1221	86.8772
S1_CAIHDJAA_00379	465	93.8688
S1_CAIHDJAA_00380	168	83.7440
S1_CAIHDJAA_00381	417	105.8753
S1_CAIHDJAA_00382	1332	86.7155
S1_CAIHDJAA_00383	120	101.0000
S1_CAIHDJAA_00384	351	98.2051
S1_CAIHDJAA_00385	198	96.2929
S1_CAIHDJAA_00386	465	79.7441
S1_CAIHDJAA_00387	858	84.3392
S1_CAIHDJAA_00388	897	100.1093
S1_CAIHDJAA_00389	1644	97.9744
S1_CAIHDJAA_00390	294	88.3299
S1_CAIHDJAA_00391	1344	94.3110
S1_CAIHDJAA_00392	657	87.6575
S1_CAIHDJAA_00393	189	84.4233
S1_CAIHDJAA_00394	1119	85.7337
S1_CAIHDJAA_00395	1566	93.3340
S1_CAIHDJAA_00396	429	95.5501
S1_CAIHDJAA_00397	336	94.0685
S1_CAIHDJAA_00398	801	95.1261
S1_CAIHDJAA_00399	756	104.0053
S1_CAIHDJAA_00400	1032	92.1337
S1_CAIHDJAA_00401	267	75.6966
S1_CAIHDJAA_00402	837	104.1231
S1_CAIHDJAA_00403	1044	109.9339
S1_CAIHDJAA_00404	1704	104.8791
S1_CAIHDJAA_00405	1125	97.5084
S1_CAIHDJAA_00406	1251	96.9464
S1_CAIHDJAA_00407	750	112.7853
S1_CAIHDJAA_00408	297	100.7845
S1_CAIHDJAA_00409	468	101.2479
S1_CAIHDJAA_00410	633	95.8847
S1_CAIHDJAA_00411	447	95.6711
S1_CAIHDJAA_00412	462	93.2056
S1_CAIHDJAA_00413	1065	102.4845
S1_CAIHDJAA_00414	720	99.3639
S1_CAIHDJAA_00415	219	123.4521
S1_CAIHDJAA_00416	894	113.2606
S1_CAIHDJAA_00417	651	99.8556
S1_CAIHDJAA_00418	228	82.4342
S1_CAIHDJAA_00419	543	104.2855
S1_CAIHDJAA_00420	1224	104.4428
S1_CAIHDJAA_00421	948	96.9325
S1_CAIHDJAA_00422	573	115.7382
S1_CAIHDJAA_00423	225	101.6578
S1_CAIHDJAA_00424	90	89.8111
S1_CAIHDJAA_00425	1422	110.8221
S1_CAIHDJAA_00426	612	101.9542
S1_CAIHDJAA_00427	330	80.6303
S1_CAIHDJAA_00428	441	99.9138
S1_CAIHDJAA_00429	975	103.2872
S1_CAIHDJAA_00430	882	97.5057
S1_CAIHDJAA_00431	1224	111.8554
S1_CAIHDJAA_00432	747	102.1058
S1_CAIHDJAA_00433	822	100.5182
S1_CAIHDJAA_00434	870	100.0897
S1_CAIHDJAA_00435	252	92.6786
S1_CAIHDJAA_00436	585	107.4632
S1_CAIHDJAA_00437	522	98.0594
S1_CAIHDJAA_00438	1404	99.6296
S1_CAIHDJAA_00439	1899	104.3844
S1_CAIHDJAA_00440	768	97.7148
S1_CAIHDJAA_00441	1032	101.6424
S1_CAIHDJAA_00442	822	103.2968
S1_CAIHDJAA_00443	1059	102.9622
S1_CAIHDJAA_00444	237	111.5148
S1_CAIHDJAA_00445	693	103.2237
S1_CAIHDJAA_00446	993	109.7412
S1_CAIHDJAA_00447	666	103.8484
S1_CAIHDJAA_00448	1113	94.5436
S1_CAIHDJAA_00449	357	95.1261
S1_CAIHDJAA_00450	519	117.0000
S1_CAIHDJAA_00451	1473	107.7074
S1_CAIHDJAA_00452	1332	98.1209
S1_CAIHDJAA_00453	960	95.4187
S1_CAIHDJAA_00454	582	96.5619
S1_CAIHDJAA_00455	651	103.6605
S1_CAIHDJAA_00456	573	103.3072
S1_CAIHDJAA_00457	816	102.7488
S1_CAIHDJAA_00458	423	114.4184
S1_CAIHDJAA_00459	351	85.4872
S1_CAIHDJAA_00460	852	98.9718
S1_CAIHDJAA_00461	1527	105.0275
S1_CAIHDJAA_00462	270	93.0518
S1_CAIHDJAA_00463	582	111.7010
S1_CAIHDJAA_00464	927	112.7875
S1_CAIHDJAA_00465	840	100.9083
S1_CAIHDJAA_00466	1071	99.4239
S1_CAIHDJAA_00467	711	95.7918
S1_CAIHDJAA_00468	759	96.2253
S1_CAIHDJAA_00469	324	89.9321
S1_CAIHDJAA_00470	330	86.9909
S1_CAIHDJAA_00471	918	106.7941
S1_CAIHDJAA_00472	324	97.2593
S1_CAIHDJAA_00473	360	83.1778
S1_CAIHDJAA_00474	243	100.4938
S1_CAIHDJAA_00475	285	91.2667
S1_CAIHDJAA_00476	822	90.7299
S1_CAIHDJAA_00477	390	88.9513
S1_CAIHDJAA_00478	180	85.9000
S1_CAIHDJAA_00479	654	94.5765
S1_CAIHDJAA_00480	813	100.1771
S1_CAIHDJAA_00481	444	96.1306
S1_CAIHDJAA_00482	1092	99.3324
S1_CAIHDJAA_00483	135	82.4815
S1_CAIHDJAA_00484	327	94.9297
S1_CAIHDJAA_00485	318	99.5723
S1_CAIHDJAA_00486	168	166.1726
S1_CAIHDJAA_00487	684	77.7836
S1_CAIHDJAA_00488	780	97.6667
S1_CAIHDJAA_00489	738	107.4783
S1_CAIHDJAA_00490	162	95.2654
S1_CAIHDJAA_00491	138	89.2174
S1_CAIHDJAA_00492	219	113.6393
S1_CAIHDJAA_00493	1212	91.2558
S1_CAIHDJAA_00494	831	99.2214
S1_CAIHDJAA_00495	768	97.4102
S1_CAIHDJAA_00496	294	81.1020
S1_CAIHDJAA_00497	750	93.4467
S1_CAIHDJAA_00498	264	102.7689
S1_CAIHDJAA_00499	273	128.8168
S1_CAIHDJAA_00500	273	100.8571
S1_CAIHDJAA_00501	1044	110.7261
S1_CAIHDJAA_00502	177	96.0678
S1_CAIHDJAA_00503	384	110.3646
S1_CAIHDJAA_00504	405	110.4667
S1_CAIHDJAA_00505	600	111.3250
S1_CAIHDJAA_00506	336	107.2530
S1_CAIHDJAA_00507	1557	109.7572
S1_CAIHDJAA_00508	1899	106.8004
S1_CAIHDJAA_00509	94	54.1809
S1_CAIHDJAA_00510	91	49.6154
S1_CAIHDJAA_00511	465	93.3806
S1_CAIHDJAA_00512	192	93.0573
S1_CAIHDJAA_00513	726	110.9215
S1_CAIHDJAA_00514	77	97.2597
S1_CAIHDJAA_00515	94	79.1064
S1_CAIHDJAA_00516	90	108.1667
S1_CAIHDJAA_00517	1272	101.6195
S1_CAIHDJAA_00518	531	103.5254
S1_CAIHDJAA_00519	171	137.2281
S1_CAIHDJAA_00520	1065	114.9418
S1_CAIHDJAA_00521	465	94.7914
S1_CAIHDJAA_00522	1191	101.1721
S1_CAIHDJAA_00523	624	95.4872
S1_CAIHDJAA_00524	1071	95.5882
S1_CAIHDJAA_00525	1665	106.0192
S1_CAIHDJAA_00526	1680	107.3946
S1_CAIHDJAA_00527	1074	113.6983
S1_CAIHDJAA_00528	486	87.4650
S1_CAIHDJAA_00529	1254	96.6842
S1_CAIHDJAA_00530	1197	104.9532
S1_CAIHDJAA_00531	996	113.0351
S1_CAIHDJAA_00532	504	107.7460
S1_CAIHDJAA_00533	1026	107.7778
S1_CAIHDJAA_00534	828	114.6981
S1_CAIHDJAA_00535	1647	117.5671
S1_CAIHDJAA_00536	930	109.0527
S1_CAIHDJAA_00537	747	106.1138
S1_CAIHDJAA_00538	2334	111.8021
S1_CAIHDJAA_00539	540	114.9759
S1_CAIHDJAA_00540	906	119.7914
S1_CAIHDJAA_00541	369	126.6098
S1_CAIHDJAA_00542	708	92.0085
S1_CAIHDJAA_00543	1248	93.1354
S1_CAIHDJAA_00544	234	88.9103
S1_CAIHDJAA_00545	573	83.5480
S1_CAIHDJAA_00546	909	81.5930
S1_CAIHDJAA_00547	729	90.7298
S1_CAIHDJAA_00548	924	90.3377
S1_CAIHDJAA_00549	1296	88.1289
S1_CAIHDJAA_00550	915	81.5639
S1_CAIHDJAA_00551	537	96.5568
S1_CAIHDJAA_00552	1164	97.0902
S1_CAIHDJAA_00553	258	103.5233
S1_CAIHDJAA_00554	426	107.5446
S1_CAIHDJAA_00555	801	124.7453
S1_CAIHDJAA_00556	639	317.2066
S1_CAIHDJAA_00557	2607	101.6160
S1_CAIHDJAA_00558	315	94.4032
S1_CAIHDJAA_00559	1329	100.3017
S1_CAIHDJAA_00560	333	90.8859
S1_CAIHDJAA_00561	1311	98.0183
S1_CAIHDJAA_00562	1395	100.5563
S1_CAIHDJAA_00563	1437	97.1434
S1_CAIHDJAA_00564	2043	104.3666
S1_CAIHDJAA_00565	441	114.1451
S1_CAIHDJAA_00566	1167	106.2605
S1_CAIHDJAA_00567	3855	92.9510
S1_CAIHDJAA_00568	1044	100.1762
S1_CAIHDJAA_00569	762	91.9738
S1_CAIHDJAA_00570	771	98.3904
S1_CAIHDJAA_00571	795	89.1912
S1_CAIHDJAA_00572	765	106.4941
S1_CAIHDJAA_00573	882	96.6338
S1_CAIHDJAA_00574	417	98.3525
S1_CAIHDJAA_00575	939	102.0511
S1_CAIHDJAA_00576	1143	101.5477
S1_CAIHDJAA_00577	1344	98.1257
S1_CAIHDJAA_00578	624	186.1571
S1_CAIHDJAA_00579	645	92.0512
S1_CAIHDJAA_00580	801	93.8140
S1_CAIHDJAA_00581	150	92.9400
S1_CAIHDJAA_00582	369	88.4770
S1_CAIHDJAA_00583	76	91.1316
S1_CAIHDJAA_00584	1620	89.6432
S1_CAIHDJAA_00585	993	90.6918
S1_CAIHDJAA_00586	597	75.6717
S1_CAIHDJAA_00587	1320	86.6561
S1_CAIHDJAA_00588	1317	92.3956
S1_CAIHDJAA_00589	465	85.5634
S1_CAIHDJAA_00590	432	96.0139
S1_CAIHDJAA_00591	204	82.9265
S1_CAIHDJAA_00592	906	91.8300
S1_CAIHDJAA_00593	1146	89.0995
S1_CAIHDJAA_00594	705	94.9092
S1_CAIHDJAA_00595	654	85.8486
S1_CAIHDJAA_00596	750	94.0880
S1_CAIHDJAA_00597	888	88.0372
S1_CAIHDJAA_00598	900	85.4489
S1_CAIHDJAA_00599	885	92.9853
S1_CAIHDJAA_00600	1371	98.7491
S1_CAIHDJAA_00601	705	99.6539
S1_CAIHDJAA_00602	477	88.5556
S1_CAIHDJAA_00603	198	75.3939
S1_CAIHDJAA_00604	756	108.9643
S1_CAIHDJAA_00605	1764	108.5737
S1_CAIHDJAA_00606	912	107.5154
S1_CAIHDJAA_00607	714	112.4566
S1_CAIHDJAA_00608	2355	108.7134
S1_CAIHDJAA_00609	153	105.8889
S1_CAIHDJAA_00610	249	3.3896
S1_CAIHDJAA_00611	204	27.3137
S1_CAIHDJAA_00612	519	5.3680
S1_CAIHDJAA_00613	75	69.7200
S1_CAIHDJAA_00614	75	79.7733
S1_CAIHDJAA_00615	741	114.0418
S1_CAIHDJAA_00616	723	109.3181
S1_CAIHDJAA_00617	303	116.0132
S1_CAIHDJAA_00618	345	103.4899
S1_CAIHDJAA_00619	1116	114.1290
S1_CAIHDJAA_00620	654	6.4358
S1_CAIHDJAA_00621	282	390.3050
S1_CAIHDJAA_00622	399	78.7368
S1_CAIHDJAA_00623	954	88.1950
S1_CAIHDJAA_00624	252	86.2738
S1_CAIHDJAA_00625	201	88.2488
S1_CAIHDJAA_00626	1446	95.3160
S1_CAIHDJAA_00627	477	88.3627
S1_CAIHDJAA_00628	1152	91.9887
S1_CAIHDJAA_00629	183	88.8033
S1_CAIHDJAA_00630	135	87.1037
S1_CAIHDJAA_00631	456	92.4298
S1_CAIHDJAA_00632	429	82.9534
S1_CAIHDJAA_00633	369	93.4634
S1_CAIHDJAA_00634	591	74.4315
S1_CAIHDJAA_00635	441	92.6508
S1_CAIHDJAA_00636	177	95.0904
S1_CAIHDJAA_00637	924	76.5866
S1_CAIHDJAA_00638	282	85.9149
S1_CAIHDJAA_00639	417	79.0671
S1_CAIHDJAA_00640	2619	94.6732
S1_CAIHDJAA_00641	597	95.9213
S1_CAIHDJAA_00642	561	81.0089
S1_CAIHDJAA_00643	1035	93.1092
S1_CAIHDJAA_00644	1584	92.6218
S1_CAIHDJAA_00645	85	73.1412
S1_CAIHDJAA_00646	1275	85.9969
S1_CAIHDJAA_00647	1824	85.1957
S1_CAIHDJAA_00648	579	101.1900
S1_CAIHDJAA_00649	792	96.0379
S1_CAIHDJAA_00650	354	74.3729
S1_CAIHDJAA_00651	450	89.1000
S1_CAIHDJAA_00652	1308	95.0979
S1_CAIHDJAA_00653	336	84.3690
S1_CAIHDJAA_00654	294	82.7143
S1_CAIHDJAA_00655	369	95.7669
S1_CAIHDJAA_00656	483	85.9565
S1_CAIHDJAA_00657	546	94.1978
S1_CAIHDJAA_00658	366	78.3798
S1_CAIHDJAA_00659	1791	85.1915
S1_CAIHDJAA_00660	1746	87.7652
S1_CAIHDJAA_00661	249	88.5863
S1_CAIHDJAA_00662	576	109.1406
S1_CAIHDJAA_00663	681	94.0073
S1_CAIHDJAA_00664	1026	88.2563
S1_CAIHDJAA_00665	834	90.7278
S1_CAIHDJAA_00666	519	86.0501
S1_CAIHDJAA_00667	2295	90.7800
S1_CAIHDJAA_00668	645	85.1519
S1_CAIHDJAA_00669	798	80.4499
S1_CAIHDJAA_00670	276	95.3188
S1_CAIHDJAA_00671	1098	84.4627
S1_CAIHDJAA_00672	399	86.9825
S1_CAIHDJAA_00673	750	88.7200
S1_CAIHDJAA_00674	864	88.2153
S1_CAIHDJAA_00675	369	3.7127
S1_CAIHDJAA_00676	384	32.1042
S1_CAIHDJAA_00677	77	22.8312
S1_CAIHDJAA_00678	77	47.5584
S1_CAIHDJAA_00679	90	31.2333
S1_CAIHDJAA_00680	906	100.6479
S1_CAIHDJAA_00681	423	109.4775
S1_CAIHDJAA_00682	288	96.6944
S1_CAIHDJAA_00683	477	109.0818
S1_CAIHDJAA_00684	1620	111.7877
S1_CAIHDJAA_00685	630	86.4365
S1_CAIHDJAA_00686	660	102.0697
S1_CAIHDJAA_00687	297	102.2727
S1_CAIHDJAA_00688	981	93.3863
S1_CAIHDJAA_00689	246	88.0203
S1_CAIHDJAA_00690	276	95.4348
S1_CAIHDJAA_00691	1518	97.4144
S1_CAIHDJAA_00692	1311	104.5080
S1_CAIHDJAA_00693	1239	106.1566
S1_CAIHDJAA_00694	1227	100.2901
S1_CAIHDJAA_00695	1419	97.6195
S1_CAIHDJAA_00696	213	70.3005
S1_CAIHDJAA_00697	378	106.9471
S1_CAIHDJAA_00698	396	93.3889
S1_CAIHDJAA_00699	936	95.6143
S1_CAIHDJAA_00700	1038	100.5829
S1_CAIHDJAA_00701	969	106.2632
S1_CAIHDJAA_00702	516	87.8391
S1_CAIHDJAA_00703	381	87.5591
S1_CAIHDJAA_00704	927	87.6429
S1_CAIHDJAA_00705	780	90.8795
S1_CAIHDJAA_00706	756	94.5185
S1_CAIHDJAA_00707	267	98.4944
S1_CAIHDJAA_00708	2754	87.5229
S1_CAIHDJAA_00709	1326	95.5241
S1_CAIHDJAA_00710	1233	104.8856
S1_CAIHDJAA_00711	3219	94.2504
S1_CAIHDJAA_00712	1098	100.0738
S1_CAIHDJAA_00713	1185	103.9544
S1_CAIHDJAA_00714	900	107.9233
S1_CAIHDJAA_00715	1221	93.7920
S1_CAIHDJAA_00716	1035	100.4812
S1_CAIHDJAA_00717	1713	96.0975
S1_CAIHDJAA_00718	756	95.1746
S1_CAIHDJAA_00719	579	86.4680
S1_CAIHDJAA_00720	1185	100.2684
S1_CAIHDJAA_00721	1143	92.2703
S1_CAIHDJAA_00722	195	97.9590
S1_CAIHDJAA_00723	225	91.1822
S1_CAIHDJAA_00724	345	102.6957
S1_CAIHDJAA_00725	624	85.9199
S1_CAIHDJAA_00726	438	99.4658
S1_CAIHDJAA_00727	225	99.9200
S1_CAIHDJAA_00728	219	110.1735
S1_CAIHDJAA_00729	564	110.2660
S1_CAIHDJAA_00730	1524	97.6227
S1_CAIHDJAA_00731	1368	96.1820
S1_CAIHDJAA_00732	177	90.1186
S1_CAIHDJAA_00733	1260	361.6706
S1_CAIHDJAA_00734	336	186.6488
S1_CAIHDJAA_00735	1593	91.1230
S1_CAIHDJAA_00736	714	96.4552
S1_CAIHDJAA_00737	288	103.8681
S1_CAIHDJAA_00738	201	95.2537
S1_CAIHDJAA_00739	597	105.5008
S1_CAIHDJAA_00740	552	81.8587
S1_CAIHDJAA_00741	198	73.4141
S1_CAIHDJAA_00742	321	5.4206
S1_CAIHDJAA_00743	1365	91.2982
S1_CAIHDJAA_00744	1608	86.4813
S1_CAIHDJAA_00745	1599	94.6986
S1_CAIHDJAA_00746	693	85.0274
S1_CAIHDJAA_00747	957	82.7618
S1_CAIHDJAA_00748	618	89.3155
S1_CAIHDJAA_00749	687	92.8850
S1_CAIHDJAA_00750	507	101.4438
S1_CAIHDJAA_00751	2004	90.3753
S1_CAIHDJAA_00752	1800	87.8283
S1_CAIHDJAA_00753	1059	97.7356
S1_CAIHDJAA_00754	222	79.5180
S1_CAIHDJAA_00755	678	72.3569
S1_CAIHDJAA_00756	693	82.6494
S1_CAIHDJAA_00757	885	78.1017
S1_CAIHDJAA_00758	699	139.3233
S1_CAIHDJAA_00759	762	109.8071
S1_CAIHDJAA_00760	531	95.4294
S1_CAIHDJAA_00761	1224	88.6095
S1_CAIHDJAA_00762	1908	96.3066
S1_CAIHDJAA_00763	954	87.1195
S1_CAIHDJAA_00764	477	85.7275
S1_CAIHDJAA_00765	441	82.9320
S1_CAIHDJAA_00766	516	90.4438
S1_CAIHDJAA_00767	252	69.2857
S1_CAIHDJAA_00768	513	75.8148
S1_CAIHDJAA_00769	186	76.3763
S1_CAIHDJAA_00770	459	96.8780
S1_CAIHDJAA_00771	378	94.7064
S1_CAIHDJAA_00772	591	90.5567
S1_CAIHDJAA_00773	216	90.1759
S1_CAIHDJAA_00774	666	175.3348
S1_CAIHDJAA_00775	76	109.2500
S1_CAIHDJAA_00776	660	93.4651
S1_CAIHDJAA_00777	507	98.1105
S1_CAIHDJAA_00778	744	94.3038
S1_CAIHDJAA_00779	429	103.2401
S1_CAIHDJAA_00780	1401	95.7259
S1_CAIHDJAA_00781	666	97.5751
S1_CAIHDJAA_00782	1458	104.9184
S1_CAIHDJAA_00783	240	88.2625
S1_CAIHDJAA_00784	1713	97.9813
S1_CAIHDJAA_00785	498	89.8474
S1_CAIHDJAA_00786	1245	102.3888
S1_CAIHDJAA_00787	684	103.2091
S1_CAIHDJAA_00788	1104	99.7609
S1_CAIHDJAA_00789	396	99.1869
S1_CAIHDJAA_00790	1392	93.6861
S1_CAIHDJAA_00791	2451	101.4007
S1_CAIHDJAA_00792	1020	99.0814
S1_CAIHDJAA_00793	516	107.7442
S1_CAIHDJAA_00794	285	76.7825
S1_CAIHDJAA_00795	1065	91.3371
S1_CAIHDJAA_00796	741	93.6613
S1_CAIHDJAA_00797	1230	88.0431
S1_CAIHDJAA_00798	228	79.9430
S1_CAIHDJAA_00799	744	95.8266
S1_CAIHDJAA_00800	930	86.6290
S1_CAIHDJAA_00801	942	81.1561
S1_CAIHDJAA_00802	996	79.7359
S1_CAIHDJAA_00803	999	84.3453
S1_CAIHDJAA_00804	603	76.7363
S1_CAIHDJAA_00805	183	86.5191
S1_CAIHDJAA_00806	486	87.2407
S1_CAIHDJAA_00807	1206	85.0531
S1_CAIHDJAA_00808	999	94.7938
S1_CAIHDJAA_00809	1206	96.8574
S1_CAIHDJAA_00810	1137	96.5585
S1_CAIHDJAA_00811	465	85.3290
S1_CAIHDJAA_00812	480	93.1042
S1_CAIHDJAA_00813	561	78.7665
S1_CAIHDJAA_00814	228	81.0395
S1_CAIHDJAA_00815	474	7.7869
S1_CAIHDJAA_00816	270	2.8556
S1_CAIHDJAA_00817	351	3.8519
S1_CAIHDJAA_00818	195	96.5949
S1_CAIHDJAA_00819	294	136.7109
S1_CAIHDJAA_00820	504	4.8988
S1_CAIHDJAA_00821	1032	394.1618
S1_CAIHDJAA_00822	1498	298.3251
S1_CAIHDJAA_00823	76	78.4211
S1_CAIHDJAA_00824	77	82.7792
S1_CAIHDJAA_00825	3286	329.4288
S1_CAIHDJAA_00826	366	106.5874
S1_CAIHDJAA_00827	195	85.7744
S1_CAIHDJAA_00828	903	90.0399
S1_CAIHDJAA_00829	1155	104.9281
S1_CAIHDJAA_00830	1131	102.7197
S1_CAIHDJAA_00831	2391	123.0435
S1_CAIHDJAA_00832	285	81.6491
S1_CAIHDJAA_00833	228	66.9825
S1_CAIHDJAA_00834	309	103.9968
S1_CAIHDJAA_00835	420	89.7524
S1_CAIHDJAA_00836	747	93.1647
S1_CAIHDJAA_00837	360	81.0639
S1_CAIHDJAA_00838	1677	92.8265
S1_CAIHDJAA_00839	570	99.1684
S1_CAIHDJAA_00840	864	94.5984
S1_CAIHDJAA_00841	234	95.1197
S1_CAIHDJAA_00842	906	98.7715
S1_CAIHDJAA_00843	732	91.9563
S1_CAIHDJAA_00844	855	95.8351
S1_CAIHDJAA_00845	975	84.9774
S1_CAIHDJAA_00846	1581	98.6066
S1_CAIHDJAA_00847	1242	90.1997
S1_CAIHDJAA_00848	921	91.9674
S1_CAIHDJAA_00849	894	88.7841
S1_CAIHDJAA_00850	990	105.8798
S1_CAIHDJAA_00851	1077	92.7772
S1_CAIHDJAA_00852	312	105.8782
S1_CAIHDJAA_00853	492	100.9411
S1_CAIHDJAA_00854	1725	93.6736
S1_CAIHDJAA_00855	234	102.0085
S1_CAIHDJAA_00856	957	101.2247
S1_CAIHDJAA_00857	267	92.1461
S1_CAIHDJAA_00858	1308	85.9931
S1_CAIHDJAA_00859	3438	93.5791
S1_CAIHDJAA_00860	198	77.3788
S1_CAIHDJAA_00861	966	89.1739
S1_CAIHDJAA_00862	1752	96.6501
S1_CAIHDJAA_00863	417	87.5564
S1_CAIHDJAA_00864	1368	84.6806
S1_CAIHDJAA_00865	921	97.3257
S1_CAIHDJAA_00866	1005	122.2597
S1_CAIHDJAA_00867	441	98.7438
S1_CAIHDJAA_00868	1257	105.2570
S1_CAIHDJAA_00869	1056	93.2330
S1_CAIHDJAA_00870	927	94.8479
S1_CAIHDJAA_00871	5130	101.5246
S1_CAIHDJAA_00872	1083	103.3749
S1_CAIHDJAA_00873	1596	104.2243
S1_CAIHDJAA_00874	819	102.1502
S1_CAIHDJAA_00875	1602	99.5262
S1_CAIHDJAA_00876	849	84.7373
S1_CAIHDJAA_00877	936	103.4669
S1_CAIHDJAA_00878	447	77.9485
S1_CAIHDJAA_00879	1359	99.2450
S1_CAIHDJAA_00880	318	110.1069
S1_CAIHDJAA_00881	438	99.1438
S1_CAIHDJAA_00882	750	106.0373
S1_CAIHDJAA_00883	1014	98.5020
S1_CAIHDJAA_00884	1395	98.4229
S1_CAIHDJAA_00885	825	109.0109
S1_CAIHDJAA_00886	279	98.3835
S1_CAIHDJAA_00887	1410	101.3014
S1_CAIHDJAA_00888	951	110.2419
S1_CAIHDJAA_00889	684	113.9357
S1_CAIHDJAA_00890	1371	116.3654
S1_CAIHDJAA_00891	1362	104.3451
S1_CAIHDJAA_00892	555	101.2865
S1_CAIHDJAA_00893	369	103.4417
S1_CAIHDJAA_00894	3498	107.6392
S1_CAIHDJAA_00895	906	104.3653
S1_CAIHDJAA_00896	567	107.3210
S1_CAIHDJAA_00897	855	98.1415
S1_CAIHDJAA_00898	267	100.7603
S1_CAIHDJAA_00899	1527	107.0609
S1_CAIHDJAA_00900	897	110.8907
S1_CAIHDJAA_00901	351	96.2621
S1_CAIHDJAA_00902	276	93.2717
S1_CAIHDJAA_00903	729	107.7133
S1_CAIHDJAA_00904	243	97.8683
S1_CAIHDJAA_00905	1605	92.8187
S1_CAIHDJAA_00906	1110	102.3513
S1_CAIHDJAA_00907	1152	103.3819
S1_CAIHDJAA_00908	636	107.7028
S1_CAIHDJAA_00909	711	91.3108
S1_CAIHDJAA_00910	1221	98.1761
S1_CAIHDJAA_00911	198	104.8081
S1_CAIHDJAA_00912	1080	104.7361
S1_CAIHDJAA_00913	423	101.0804
S1_CAIHDJAA_00914	1689	103.5708
S1_CAIHDJAA_00915	645	90.4372
S1_CAIHDJAA_00916	147	94.7687
S1_CAIHDJAA_00917	567	111.6014
S1_CAIHDJAA_00918	1305	101.9456
S1_CAIHDJAA_00919	759	95.2964
S1_CAIHDJAA_00920	225	107.6889
S1_CAIHDJAA_00921	1272	95.5393
S1_CAIHDJAA_00922	966	90.7039
S1_CAIHDJAA_00923	984	99.5285
S1_CAIHDJAA_00924	930	97.0806
S1_CAIHDJAA_00925	966	118.9110
S1_CAIHDJAA_00926	1743	102.3178
S1_CAIHDJAA_00927	675	98.3881
S1_CAIHDJAA_00928	1134	102.5494
S1_CAIHDJAA_00929	1284	113.7212
S1_CAIHDJAA_00930	2529	99.0858
S1_CAIHDJAA_00931	471	97.6200
S1_CAIHDJAA_00932	159	46.5912
S1_CAIHDJAA_00933	444	96.3131
S1_CAIHDJAA_00934	2226	98.9205
S1_CAIHDJAA_00935	1884	90.6959
S1_CAIHDJAA_00936	639	89.2958
S1_CAIHDJAA_00937	537	94.7169
S1_CAIHDJAA_00938	2688	95.3739
S1_CAIHDJAA_00939	546	13.0421
S1_CAIHDJAA_00940	192	97.8021
S1_CAIHDJAA_00941	1578	79.3340
S1_CAIHDJAA_00942	696	89.9109
S1_CAIHDJAA_00943	705	91.8468
S1_CAIHDJAA_00944	450	105.2889
S1_CAIHDJAA_00945	606	88.4653
S1_CAIHDJAA_00946	780	110.7167
S1_CAIHDJAA_00947	1599	98.8668
S1_CAIHDJAA_00948	282	90.4894
S1_CAIHDJAA_00949	264	98.7197
S1_CAIHDJAA_00950	993	103.2276
S1_CAIHDJAA_00951	498	95.9900
S1_CAIHDJAA_00952	189	112.1429
S1_CAIHDJAA_00953	177	2.4520
S1_CAIHDJAA_00954	1164	89.4863
S1_CAIHDJAA_00955	408	4.2843
S1_CAIHDJAA_00956	102	79.8529
S1_CAIHDJAA_00957	1368	83.1784
S1_CAIHDJAA_00958	345	89.6638
S1_CAIHDJAA_00959	738	84.5799
S1_CAIHDJAA_00960	927	88.3991
S1_CAIHDJAA_00961	1161	93.7485
S1_CAIHDJAA_00962	1836	84.1634
S1_CAIHDJAA_00963	591	83.2690
S1_CAIHDJAA_00964	1032	95.9312
S1_CAIHDJAA_00965	1128	96.5027
S1_CAIHDJAA_00966	1812	92.7930
S1_CAIHDJAA_00967	270	92.6481
S1_CAIHDJAA_00968	177	83.4576
S1_CAIHDJAA_00969	2175	91.1733
S1_CAIHDJAA_00970	1155	89.9333
S1_CAIHDJAA_00971	966	83.1781
S1_CAIHDJAA_00972	327	67.9052
S1_CAIHDJAA_00973	321	114.7445
S1_CAIHDJAA_00974	1017	95.9351
S1_CAIHDJAA_00975	2274	90.9125
S1_CAIHDJAA_00976	723	84.1425
S1_CAIHDJAA_00977	483	99.4741
S1_CAIHDJAA_00978	300	74.9833
S1_CAIHDJAA_00979	501	92.5190
S1_CAIHDJAA_00980	186	100.6129
S1_CAIHDJAA_00981	219	76.7123
S1_CAIHDJAA_00982	144	97.9653
S1_CAIHDJAA_00983	102	88.3726
S1_CAIHDJAA_00984	876	83.1473
S1_CAIHDJAA_00985	171	86.3099
S1_CAIHDJAA_00986	74	66.1487
S1_CAIHDJAA_00987	76	72.5395
S1_CAIHDJAA_00988	1440	77.2951
S1_CAIHDJAA_00989	474	102.5000
S1_CAIHDJAA_00990	606	102.1023
S1_CAIHDJAA_00991	1266	81.2859
S1_CAIHDJAA_00992	1536	89.5215
S1_CAIHDJAA_00993	1653	89.6818
S1_CAIHDJAA_00994	1101	83.0282
S1_CAIHDJAA_00995	651	84.5253
S1_CAIHDJAA_00996	354	79.4689
S1_CAIHDJAA_00997	573	87.4171
S1_CAIHDJAA_00998	636	88.4214
S1_CAIHDJAA_00999	1281	93.4606
S1_CAIHDJAA_01000	216	78.9676
S1_CAIHDJAA_01001	288	71.0556
S1_CAIHDJAA_01002	339	75.2035
S1_CAIHDJAA_01003	315	67.3841
S1_CAIHDJAA_01004	390	80.3256
S1_CAIHDJAA_01005	483	81.8841
S1_CAIHDJAA_01006	402	78.0522
S1_CAIHDJAA_01007	1434	97.5056
S1_CAIHDJAA_01008	654	91.4633
S1_CAIHDJAA_01009	162	91.4383
S1_CAIHDJAA_01010	1716	94.4831
S1_CAIHDJAA_01011	387	3.8682
S1_CAIHDJAA_01012	414	4.9565
S1_CAIHDJAA_01013	1404	106.1595
S1_CAIHDJAA_01014	1335	105.1790
S1_CAIHDJAA_01015	414	108.7705
S1_CAIHDJAA_01016	696	90.9037
S1_CAIHDJAA_01017	894	98.0235
S1_CAIHDJAA_01018	1641	83.3498
S1_CAIHDJAA_01019	1392	87.0682
S1_CAIHDJAA_01020	852	91.7500
S1_CAIHDJAA_01021	831	97.1841
S1_CAIHDJAA_01022	132	79.4621
S1_CAIHDJAA_01023	585	96.2598
S1_CAIHDJAA_01024	864	109.2639
S1_CAIHDJAA_01025	711	90.9016
S1_CAIHDJAA_01026	459	92.6449
S1_CAIHDJAA_01027	1560	106.0808
S1_CAIHDJAA_01028	951	99.4332
S1_CAIHDJAA_01029	1497	94.7989
S1_CAIHDJAA_01030	702	100.2179
S1_CAIHDJAA_01031	1533	103.7926
S1_CAIHDJAA_01032	984	86.8547
S1_CAIHDJAA_01033	1755	91.6621
S1_CAIHDJAA_01034	507	106.6627
S1_CAIHDJAA_01035	357	86.0980
S1_CAIHDJAA_01036	408	95.8456
S1_CAIHDJAA_01037	681	90.1454
S1_CAIHDJAA_01038	76	63.2763
S1_CAIHDJAA_01039	606	84.8168
S1_CAIHDJAA_01040	1338	97.5523
S1_CAIHDJAA_01041	456	102.1162
S1_CAIHDJAA_01042	1125	97.9707
S1_CAIHDJAA_01043	1053	106.0636
S1_CAIHDJAA_01044	687	98.8195
S1_CAIHDJAA_01045	894	106.9407
S1_CAIHDJAA_01046	1140	89.0140
S1_CAIHDJAA_01047	1197	98.6483
S1_CAIHDJAA_01048	1245	88.2000
S1_CAIHDJAA_01049	726	95.2479
S1_CAIHDJAA_01050	1986	99.8464
S1_CAIHDJAA_01051	2784	93.7335
S1_CAIHDJAA_01052	405	96.7160
S1_CAIHDJAA_01053	1245	80.8626
S1_CAIHDJAA_01054	1422	85.9740
S1_CAIHDJAA_01055	1848	97.7029
S1_CAIHDJAA_01056	981	96.9643
S1_CAIHDJAA_01057	942	95.1921
S1_CAIHDJAA_01058	738	99.2629
S1_CAIHDJAA_01059	939	95.3152
S1_CAIHDJAA_01060	1473	90.8601
S1_CAIHDJAA_01061	600	91.4600
S1_CAIHDJAA_01062	1407	94.5586
S1_CAIHDJAA_01063	1002	90.7625
S1_CAIHDJAA_01064	228	96.5175
S1_CAIHDJAA_01065	369	91.1165
S1_CAIHDJAA_01066	435	89.5448
S1_CAIHDJAA_01067	219	108.6027
S1_CAIHDJAA_01068	594	101.5976
S1_CAIHDJAA_01069	1437	100.7147
S1_CAIHDJAA_01070	993	91.8087
S1_CAIHDJAA_01071	1089	93.4178
S1_CAIHDJAA_01072	1050	90.9571
S1_CAIHDJAA_01073	750	97.5453
S1_CAIHDJAA_01074	927	97.4272
S1_CAIHDJAA_01075	972	92.6759
S1_CAIHDJAA_01076	756	92.6323
S1_CAIHDJAA_01077	582	98.0945
S1_CAIHDJAA_01078	1407	94.1990
S1_CAIHDJAA_01079	168	78.5238
S1_CAIHDJAA_01080	1521	95.3136
S1_CAIHDJAA_01081	360	106.9417
S1_CAIHDJAA_01082	1578	95.4588
S1_CAIHDJAA_01083	1164	99.0481
S1_CAIHDJAA_01084	213	51.9249
S1_CAIHDJAA_01085	759	92.6943
S1_CAIHDJAA_01086	1191	96.8690
S1_CAIHDJAA_01087	948	90.5770
S1_CAIHDJAA_01088	1005	92.4557
S1_CAIHDJAA_01089	1518	101.0296
S1_CAIHDJAA_01090	993	96.9214
S1_CAIHDJAA_01091	2232	96.5112
S1_CAIHDJAA_01092	3156	102.6933
S1_CAIHDJAA_01093	585	108.2051
S1_CAIHDJAA_01094	141	107.4184
S1_CAIHDJAA_01095	1404	93.5762
S1_CAIHDJAA_01096	903	101.4950
S1_CAIHDJAA_01097	843	97.2135
S1_CAIHDJAA_01098	456	106.3816
S1_CAIHDJAA_01099	891	104.3412
S1_CAIHDJAA_01100	255	97.6431
S1_CAIHDJAA_01101	129	105.3023
S1_CAIHDJAA_01102	1410	94.8886
S1_CAIHDJAA_01103	1314	90.6766
S1_CAIHDJAA_01104	651	90.0492
S1_CAIHDJAA_01105	1308	97.3868
S1_CAIHDJAA_01106	1608	86.4465
S1_CAIHDJAA_01107	312	83.2115
S1_CAIHDJAA_01108	492	75.0427
S1_CAIHDJAA_01109	1320	98.8955
S1_CAIHDJAA_01110	891	89.1930
S1_CAIHDJAA_01111	828	100.7560
S1_CAIHDJAA_01112	1476	85.5020
S1_CAIHDJAA_01113	969	97.0237
S1_CAIHDJAA_01114	975	102.7344
S1_CAIHDJAA_01115	1077	86.7874
S1_CAIHDJAA_01116	150	89.4000
S1_CAIHDJAA_01117	426	98.7723
S1_CAIHDJAA_01118	360	87.2917
S1_CAIHDJAA_01119	363	97.3912
S1_CAIHDJAA_01120	489	75.0061
S1_CAIHDJAA_01121	531	107.2731
S1_CAIHDJAA_01122	447	93.1119
S1_CAIHDJAA_01123	1044	91.8640
S1_CAIHDJAA_01124	1341	92.7383
S1_CAIHDJAA_01125	1137	99.2339
S1_CAIHDJAA_01126	1065	91.5596
S1_CAIHDJAA_01127	753	98.2165
S1_CAIHDJAA_01128	417	78.1727
S1_CAIHDJAA_01129	603	87.5224
S1_CAIHDJAA_01130	2079	92.3083
S1_CAIHDJAA_01131	687	104.9520
S1_CAIHDJAA_01132	198	99.5758
S1_CAIHDJAA_01133	342	87.9269
S1_CAIHDJAA_01134	636	102.0079
S1_CAIHDJAA_01135	225	99.7378
S1_CAIHDJAA_01136	153	145.2353
S1_CAIHDJAA_01137	480	5.1104
S1_CAIHDJAA_01138	147	97.0612
S1_CAIHDJAA_01139	636	101.4984
S1_CAIHDJAA_01140	711	101.5710
S1_CAIHDJAA_01141	339	92.2832
S1_CAIHDJAA_01142	1902	95.8791
S1_CAIHDJAA_01143	1188	100.2912
S1_CAIHDJAA_01144	1047	96.1824
S1_CAIHDJAA_01145	3594	97.6372
S1_CAIHDJAA_01146	162	100.4074
S1_CAIHDJAA_01147	405	91.0543
S1_CAIHDJAA_01148	861	95.8630
S1_CAIHDJAA_01149	903	89.8538
S1_CAIHDJAA_01150	1161	100.9259
S1_CAIHDJAA_01151	501	93.6387
S1_CAIHDJAA_01152	132	96.7803
S1_CAIHDJAA_01153	963	94.7227
S1_CAIHDJAA_01154	75	69.3733
S1_CAIHDJAA_01155	2346	97.7660
S1_CAIHDJAA_01156	1377	108.3958
S1_CAIHDJAA_01157	546	105.2656
S1_CAIHDJAA_01158	1767	89.8579
S1_CAIHDJAA_01159	1383	104.3297
S1_CAIHDJAA_01160	1473	93.6361
S1_CAIHDJAA_01161	366	93.1831
S1_CAIHDJAA_01162	96	87.6562
S1_CAIHDJAA_01163	1551	94.5538
S1_CAIHDJAA_01164	258	79.3450
S1_CAIHDJAA_01165	399	87.5514
S1_CAIHDJAA_01166	528	99.8883
S1_CAIHDJAA_01167	774	94.7222
S1_CAIHDJAA_01168	1110	104.2658
S1_CAIHDJAA_01169	1536	97.6042
S1_CAIHDJAA_01170	1185	103.3654
S1_CAIHDJAA_01171	225	89.7156
S1_CAIHDJAA_01172	549	94.9053
S1_CAIHDJAA_01173	909	103.6370
S1_CAIHDJAA_01174	1089	99.6887
S1_CAIHDJAA_01175	474	104.0106
S1_CAIHDJAA_01176	1500	102.2820
S1_CAIHDJAA_01177	567	95.5379
S1_CAIHDJAA_01178	813	101.9914
S1_CAIHDJAA_01179	501	99.7984
S1_CAIHDJAA_01180	369	108.6152
S1_CAIHDJAA_01181	693	103.9062
S1_CAIHDJAA_01182	2013	101.8440
S1_CAIHDJAA_01183	639	99.7340
S1_CAIHDJAA_01184	228	116.4561
S1_CAIHDJAA_01185	1428	97.7822
S1_CAIHDJAA_01186	486	110.6934
S1_CAIHDJAA_01187	2313	97.0644
S1_CAIHDJAA_01188	1665	96.8583
S1_CAIHDJAA_01189	1959	103.1215
S1_CAIHDJAA_01190	450	91.0244
S1_CAIHDJAA_01191	1047	92.7679
S1_CAIHDJAA_01192	312	92.5609
S1_CAIHDJAA_01193	1722	100.2038
S1_CAIHDJAA_01194	2040	103.3176
S1_CAIHDJAA_01195	1212	99.1700
S1_CAIHDJAA_01196	192	74.9635
S1_CAIHDJAA_01197	477	99.1468
S1_CAIHDJAA_01198	321	99.5109
S1_CAIHDJAA_01199	1878	89.4931
S1_CAIHDJAA_01200	303	81.8878
S1_CAIHDJAA_01201	1161	62.2885
S1_CAIHDJAA_01202	966	73.0404
S1_CAIHDJAA_01203	1260	74.4532
S1_CAIHDJAA_01204	996	62.7259
S1_CAIHDJAA_01205	864	130.1285
S1_CAIHDJAA_01206	243	97.4650
S1_CAIHDJAA_01207	258	82.1628
S1_CAIHDJAA_01208	117	77.5043
S1_CAIHDJAA_01209	114	85.3070
S1_CAIHDJAA_01210	429	96.6620
S1_CAIHDJAA_01211	1443	98.8614
S1_CAIHDJAA_01212	324	4.8858
S1_CAIHDJAA_01213	576	176.5990
S1_CAIHDJAA_01214	75	67.2800
S1_CAIHDJAA_01215	75	44.6000
S1_CAIHDJAA_01216	76	65.4605
S1_CAIHDJAA_01217	77	75.0000
S1_CAIHDJAA_01218	76	121.2368
S1_CAIHDJAA_01219	76	76.3553
S1_CAIHDJAA_01220	75	58.9467
S1_CAIHDJAA_01221	336	85.7976
S1_CAIHDJAA_01222	957	94.6291
S1_CAIHDJAA_01223	735	84.2626
S1_CAIHDJAA_01224	879	81.4630
S1_CAIHDJAA_01225	411	95.9197
S1_CAIHDJAA_01226	195	80.2359
S1_CAIHDJAA_01227	1905	95.1155
S1_CAIHDJAA_01228	390	93.7872
S1_CAIHDJAA_01229	846	105.3617
S1_CAIHDJAA_01230	1053	93.0247
S1_CAIHDJAA_01231	426	92.3099
S1_CAIHDJAA_01232	198	97.1515
S1_CAIHDJAA_01233	360	94.2583
S1_CAIHDJAA_01234	765	92.7778
S1_CAIHDJAA_01235	1020	84.7402
S1_CAIHDJAA_01236	2385	88.2415
S1_CAIHDJAA_01237	375	96.4640
S1_CAIHDJAA_01238	2376	88.1692
S1_CAIHDJAA_01239	2376	88.2214
S1_CAIHDJAA_01240	435	97.0575
S1_CAIHDJAA_01241	621	98.5443
S1_CAIHDJAA_01242	76	77.5132
S1_CAIHDJAA_01243	1167	92.6392
S1_CAIHDJAA_01244	627	91.5678
S1_CAIHDJAA_01245	609	96.6502
S1_CAIHDJAA_01246	816	82.6140
S1_CAIHDJAA_01247	912	92.6349
S1_CAIHDJAA_01248	444	99.3333
S1_CAIHDJAA_01249	1353	89.3577
S1_CAIHDJAA_01250	687	92.1907
S1_CAIHDJAA_01251	849	86.6019
S1_CAIHDJAA_01252	900	88.2933
S1_CAIHDJAA_01253	945	88.2624
S1_CAIHDJAA_01254	366	111.7650
S1_CAIHDJAA_01255	987	94.6758
S1_CAIHDJAA_01256	972	85.9547
S1_CAIHDJAA_01257	999	96.5385
S1_CAIHDJAA_01258	1149	97.6519
S1_CAIHDJAA_01259	312	88.0801
S1_CAIHDJAA_01260	672	93.4524
S1_CAIHDJAA_01261	267	94.8577
S1_CAIHDJAA_01262	1245	89.6008
S1_CAIHDJAA_01263	1143	91.2738
S1_CAIHDJAA_01264	297	70.5354
S1_CAIHDJAA_01265	1092	95.7848
S1_CAIHDJAA_01266	477	93.7736
S1_CAIHDJAA_01267	1266	93.7109
S1_CAIHDJAA_01268	1278	92.6072
S1_CAIHDJAA_01269	432	102.1481
S1_CAIHDJAA_01270	927	93.4542
S1_CAIHDJAA_01271	444	85.0270
S1_CAIHDJAA_01272	1950	95.1785
S1_CAIHDJAA_01273	1452	92.7528
S1_CAIHDJAA_01274	1386	95.0794
S1_CAIHDJAA_01275	951	89.8254
S1_CAIHDJAA_01276	1365	87.7392
S1_CAIHDJAA_01277	1107	91.1102
S1_CAIHDJAA_01278	1095	99.6603
S1_CAIHDJAA_01279	1254	89.9298
S1_CAIHDJAA_01280	762	89.7323
S1_CAIHDJAA_01281	723	77.6390
S1_CAIHDJAA_01282	345	90.3072
S1_CAIHDJAA_01283	1227	87.3056
S1_CAIHDJAA_01284	1074	88.2151
S1_CAIHDJAA_01285	831	89.9085
S1_CAIHDJAA_01286	741	99.9312
S1_CAIHDJAA_01287	771	102.1077
S1_CAIHDJAA_01288	252	100.2778
S1_CAIHDJAA_01289	87	76.1954
S1_CAIHDJAA_01290	76	86.6842
S1_CAIHDJAA_01291	75	63.6533
S1_CAIHDJAA_01292	77	49.3896
S1_CAIHDJAA_01293	77	58.7922
S1_CAIHDJAA_01294	74	86.6622
S1_CAIHDJAA_01295	501	94.2495
S1_CAIHDJAA_01296	597	85.7487
S1_CAIHDJAA_01297	786	101.7379
S1_CAIHDJAA_01298	1761	99.9177
S1_CAIHDJAA_01299	180	92.8611
S1_CAIHDJAA_01300	1428	97.1919
S1_CAIHDJAA_01301	1467	96.7532
S1_CAIHDJAA_01302	288	85.5833
S1_CAIHDJAA_01303	1989	95.7939
S1_CAIHDJAA_01304	2136	91.9270
S1_CAIHDJAA_01305	303	116.4125
S1_CAIHDJAA_01306	315	99.6603
S1_CAIHDJAA_01307	1317	92.7813
S1_CAIHDJAA_01308	327	80.2018
S1_CAIHDJAA_01309	246	89.2236
S1_CAIHDJAA_01310	2079	100.1703
S1_CAIHDJAA_01311	213	3.0892
S1_CAIHDJAA_01312	120	76.1500
S1_CAIHDJAA_01313	543	91.7330
S1_CAIHDJAA_01314	114	87.8421
S1_CAIHDJAA_01315	1263	88.8994
S1_CAIHDJAA_01316	216	86.0046
S1_CAIHDJAA_01317	420	95.9167
S1_CAIHDJAA_01318	378	74.5979
S1_CAIHDJAA_01319	501	89.0739
S1_CAIHDJAA_01320	351	92.2849
S1_CAIHDJAA_01321	1488	88.1082
S1_CAIHDJAA_01322	1152	88.1562
S1_CAIHDJAA_01323	4167	93.9974
S1_CAIHDJAA_01324	726	85.4105
S1_CAIHDJAA_01325	210	71.0810
S1_CAIHDJAA_01326	441	91.4966
S1_CAIHDJAA_01327	441	99.7528
S1_CAIHDJAA_01328	102	99.0588
S1_CAIHDJAA_01329	879	77.9397
S1_CAIHDJAA_01330	591	81.2487
S1_CAIHDJAA_01331	540	89.2481
S1_CAIHDJAA_01332	1368	87.5724
S1_CAIHDJAA_01333	909	90.3575
S1_CAIHDJAA_01334	684	96.4751
S1_CAIHDJAA_01335	708	82.5565
S1_CAIHDJAA_01336	780	99.7628
S1_CAIHDJAA_01337	912	94.6930
S1_CAIHDJAA_01338	1050	76.6743
S1_CAIHDJAA_01339	717	99.1785
S1_CAIHDJAA_01340	2676	93.9712
S1_CAIHDJAA_01341	336	88.9851
S1_CAIHDJAA_01342	408	92.0662
S1_CAIHDJAA_01343	1179	89.7379
S1_CAIHDJAA_01344	516	86.7694
S1_CAIHDJAA_01345	459	93.6209
S1_CAIHDJAA_01346	870	87.2736
S1_CAIHDJAA_01347	495	94.0000
S1_CAIHDJAA_01348	516	89.8992
S1_CAIHDJAA_01349	861	90.1405
S1_CAIHDJAA_01350	762	91.1417
S1_CAIHDJAA_01351	1176	88.6488
S1_CAIHDJAA_01352	1341	92.0753
S1_CAIHDJAA_01353	675	100.6652
S1_CAIHDJAA_01354	894	98.5537
S1_CAIHDJAA_01355	558	90.6057
S1_CAIHDJAA_01356	549	100.8670
S1_CAIHDJAA_01357	423	91.5272
S1_CAIHDJAA_01358	159	77.9119
S1_CAIHDJAA_01359	2640	92.2420
S1_CAIHDJAA_01360	507	77.1578
S1_CAIHDJAA_01361	1284	92.9891
S1_CAIHDJAA_01362	234	90.5385
S1_CAIHDJAA_01363	174	97.2586
S1_CAIHDJAA_01364	75	93.7467
S1_CAIHDJAA_01365	897	95.2776
S1_CAIHDJAA_01366	531	98.6158
S1_CAIHDJAA_01367	300	84.0067
S1_CAIHDJAA_01368	798	84.8221
S1_CAIHDJAA_01369	1011	93.4748
S1_CAIHDJAA_01370	2328	92.5855
S1_CAIHDJAA_01371	1263	80.5313
S1_CAIHDJAA_01372	900	92.6144
S1_CAIHDJAA_01373	810	89.4728
S1_CAIHDJAA_01374	651	88.8418
S1_CAIHDJAA_01375	1014	92.2091
S1_CAIHDJAA_01376	858	89.3974
S1_CAIHDJAA_01377	834	84.2878
S1_CAIHDJAA_01378	1245	93.9213
S1_CAIHDJAA_01379	2343	93.3581
S1_CAIHDJAA_01380	1731	83.4269
S1_CAIHDJAA_01381	1314	100.2610
S1_CAIHDJAA_01382	696	91.4756
S1_CAIHDJAA_01383	543	91.8490
S1_CAIHDJAA_01384	648	90.8056
S1_CAIHDJAA_01385	528	91.6136
S1_CAIHDJAA_01386	726	85.9628
S1_CAIHDJAA_01387	756	84.1574
S1_CAIHDJAA_01388	894	82.6667
S1_CAIHDJAA_01389	990	90.5657
S1_CAIHDJAA_01390	825	96.1079
S1_CAIHDJAA_01391	1806	86.6639
S1_CAIHDJAA_01392	1749	91.4528
S1_CAIHDJAA_01393	282	73.4681
S1_CAIHDJAA_01394	1335	89.6472
S1_CAIHDJAA_01395	573	89.2321
S1_CAIHDJAA_01396	1176	85.3384
S1_CAIHDJAA_01397	1434	99.4226
S1_CAIHDJAA_01398	495	2.5737
S1_CAIHDJAA_01399	330	4.5939
S1_CAIHDJAA_01400	348	92.5057
S1_CAIHDJAA_01401	279	104.3584
S1_CAIHDJAA_01402	1428	108.3578
S1_CAIHDJAA_01403	1437	95.4175
S1_CAIHDJAA_01404	300	113.2867
S1_CAIHDJAA_01405	2424	110.2690
S1_CAIHDJAA_01406	1902	108.2413
S1_CAIHDJAA_01407	1356	115.0037
S1_CAIHDJAA_01408	732	108.7295
S1_CAIHDJAA_01409	2229	109.3728
S1_CAIHDJAA_01410	258	84.8101
S1_CAIHDJAA_01411	1089	107.9302
S1_CAIHDJAA_01412	207	91.5024
S1_CAIHDJAA_01413	1113	113.9560
S1_CAIHDJAA_01414	1353	104.8256
S1_CAIHDJAA_01415	123	135.5041
S1_CAIHDJAA_01416	135	98.1185
S1_CAIHDJAA_01417	351	105.8348
S1_CAIHDJAA_01418	621	110.2013
S1_CAIHDJAA_01419	591	94.1607
S1_CAIHDJAA_01420	1389	106.6811
S1_CAIHDJAA_01421	1926	101.7098
S1_CAIHDJAA_01422	723	116.5090
S1_CAIHDJAA_01423	447	106.0582
S1_CAIHDJAA_01424	807	101.2788
S1_CAIHDJAA_01425	768	122.8672
S1_CAIHDJAA_01426	861	103.3275
S1_CAIHDJAA_01427	1143	107.1251
S1_CAIHDJAA_01428	504	103.3373
S1_CAIHDJAA_01429	309	94.8091
S1_CAIHDJAA_01430	540	101.7019
S1_CAIHDJAA_01431	822	102.9307
S1_CAIHDJAA_01432	2631	100.7081
S1_CAIHDJAA_01433	198	103.2475
S1_CAIHDJAA_01434	783	93.0817
S1_CAIHDJAA_01435	663	92.2866
S1_CAIHDJAA_01436	723	97.6390
S1_CAIHDJAA_01437	546	102.3333
S1_CAIHDJAA_01438	642	91.9657
S1_CAIHDJAA_01439	1275	94.6902
S1_CAIHDJAA_01440	585	92.5333
S1_CAIHDJAA_01441	513	85.1871
S1_CAIHDJAA_01442	501	78.8004
S1_CAIHDJAA_01443	2694	89.6407
S1_CAIHDJAA_01444	993	95.9778
S1_CAIHDJAA_01445	2139	90.6003
S1_CAIHDJAA_01446	732	99.4877
S1_CAIHDJAA_01447	762	83.4213
S1_CAIHDJAA_01448	1152	106.0286
S1_CAIHDJAA_01449	1227	96.8859
S1_CAIHDJAA_01450	942	99.0255
S1_CAIHDJAA_01451	942	95.5361
S1_CAIHDJAA_01452	585	103.7846
S1_CAIHDJAA_01453	462	98.3658
S1_CAIHDJAA_01454	693	95.1299
S1_CAIHDJAA_01455	447	85.3311
S1_CAIHDJAA_01456	1023	81.7097
S1_CAIHDJAA_01457	951	90.9390
S1_CAIHDJAA_01458	1893	94.9340
S1_CAIHDJAA_01459	825	86.0885
S1_CAIHDJAA_01460	717	92.0056
S1_CAIHDJAA_01461	660	95.2424
S1_CAIHDJAA_01462	231	1326.5627
S1_CAIHDJAA_01463	2412	91.7201
S1_CAIHDJAA_01464	1299	100.3918
S1_CAIHDJAA_01465	1464	104.3811
S1_CAIHDJAA_01466	963	87.1568
S1_CAIHDJAA_01467	420	97.8881
S1_CAIHDJAA_01468	783	106.7024
S1_CAIHDJAA_01469	1119	104.1126
S1_CAIHDJAA_01470	2718	97.4735
S1_CAIHDJAA_01471	1059	101.3522
S1_CAIHDJAA_01472	1155	89.3039
S1_CAIHDJAA_01473	258	99.3953
S1_CAIHDJAA_01474	264	79.7197
S1_CAIHDJAA_01475	1014	100.0444
S1_CAIHDJAA_01476	900	94.3767
S1_CAIHDJAA_01477	546	78.3095
S1_CAIHDJAA_01478	555	83.0631
S1_CAIHDJAA_01479	918	82.8617
S1_CAIHDJAA_01480	195	90.1385
S1_CAIHDJAA_01481	153	72.3595
S1_CAIHDJAA_01482	243	83.8601
S1_CAIHDJAA_01483	285	98.0175
S1_CAIHDJAA_01484	2007	71.5406
S1_CAIHDJAA_01485	441	80.5578
S1_CAIHDJAA_01486	1365	89.6242
S1_CAIHDJAA_01487	642	8.0966
S1_CAIHDJAA_01488	102	100.2353
S1_CAIHDJAA_01489	369	83.8374
S1_CAIHDJAA_01490	1149	69.9112
S1_CAIHDJAA_01491	77	78.0000
S1_CAIHDJAA_01492	957	88.8986
S1_CAIHDJAA_01493	702	85.1724
S1_CAIHDJAA_01494	1116	86.0242
S1_CAIHDJAA_01495	705	95.1191
S1_CAIHDJAA_01496	76	49.1053
S1_CAIHDJAA_01497	75	67.6933
S1_CAIHDJAA_01498	1113	98.5247
S1_CAIHDJAA_01499	1788	100.3859
S1_CAIHDJAA_01500	1002	97.1118
S1_CAIHDJAA_01501	240	101.6083
S1_CAIHDJAA_01502	1290	88.3853
S1_CAIHDJAA_01503	1545	93.3010
S1_CAIHDJAA_01504	771	87.1427
S1_CAIHDJAA_01505	1182	85.2538
S1_CAIHDJAA_01506	1008	97.7024
S1_CAIHDJAA_01507	1023	86.3988
S1_CAIHDJAA_01508	1365	92.6183
S1_CAIHDJAA_01509	273	100.9927
S1_CAIHDJAA_01510	825	84.0897
S1_CAIHDJAA_01511	501	89.8822
S1_CAIHDJAA_01512	1476	98.3421
S1_CAIHDJAA_01513	651	94.3057
S1_CAIHDJAA_01514	1143	91.3788
S1_CAIHDJAA_01515	2361	93.4291
S1_CAIHDJAA_01516	228	95.6491
S1_CAIHDJAA_01517	300	88.8767
S1_CAIHDJAA_01518	1179	745.9619
S1_CAIHDJAA_01519	345	81.7855
S1_CAIHDJAA_01520	525	94.9390
S1_CAIHDJAA_01521	76	47.7763
S1_CAIHDJAA_01522	1092	95.6117
S1_CAIHDJAA_01523	1683	76.9727
S1_CAIHDJAA_01524	414	81.5821
S1_CAIHDJAA_01525	930	78.0957
S1_CAIHDJAA_01526	402	72.3557
S1_CAIHDJAA_01527	360	67.0639
S1_CAIHDJAA_01528	1116	62.6290
S1_CAIHDJAA_01529	477	76.4088
S1_CAIHDJAA_01530	960	84.7562
S1_CAIHDJAA_01531	465	87.1763
S1_CAIHDJAA_01532	276	89.0181
S1_CAIHDJAA_01533	756	90.6217
S1_CAIHDJAA_01534	1797	96.8698
S1_CAIHDJAA_01535	381	68.6614
S1_CAIHDJAA_01536	189	74.7566
S1_CAIHDJAA_01537	180	83.6778
S1_CAIHDJAA_01538	462	93.4610
S1_CAIHDJAA_01539	1290	99.1822
S1_CAIHDJAA_01540	1314	89.3341
S1_CAIHDJAA_01541	1533	100.4905
S1_CAIHDJAA_01542	2184	98.1223
S1_CAIHDJAA_01543	1410	92.8723
S1_CAIHDJAA_01544	582	87.5584
S1_CAIHDJAA_01545	1995	97.0657
S1_CAIHDJAA_01546	3258	102.0295
S1_CAIHDJAA_01547	501	101.8224
S1_CAIHDJAA_01548	3684	95.9555
S1_CAIHDJAA_01549	2535	95.5385
S1_CAIHDJAA_01550	1923	92.4119
S1_CAIHDJAA_01551	708	101.3912
S1_CAIHDJAA_01552	282	91.0390
S1_CAIHDJAA_01553	165	75.0303
S1_CAIHDJAA_01554	180	91.3000
S1_CAIHDJAA_01555	435	88.2920
S1_CAIHDJAA_01556	918	86.5566
S1_CAIHDJAA_01557	699	96.0043
S1_CAIHDJAA_01558	945	99.2487
S1_CAIHDJAA_01559	861	98.0883
S1_CAIHDJAA_01560	414	92.4638
S1_CAIHDJAA_01561	396	93.8258
S1_CAIHDJAA_01562	834	88.9005
S1_CAIHDJAA_01563	1191	94.2015
S1_CAIHDJAA_01564	1071	89.0700
S1_CAIHDJAA_01565	897	93.8484
S1_CAIHDJAA_01566	1068	94.9448
S1_CAIHDJAA_01567	1068	99.5478
S1_CAIHDJAA_01568	675	109.6785
S1_CAIHDJAA_01569	231	89.4589
S1_CAIHDJAA_01570	1068	95.7350
S1_CAIHDJAA_01571	750	78.4227
S1_CAIHDJAA_01572	558	90.7473
S1_CAIHDJAA_01573	894	99.2204
S1_CAIHDJAA_01574	600	105.8133
S1_CAIHDJAA_01575	1344	99.1637
S1_CAIHDJAA_01576	1827	97.0558
S1_CAIHDJAA_01577	390	78.1795
S1_CAIHDJAA_01578	981	96.6167
S1_CAIHDJAA_01579	813	83.3555
S1_CAIHDJAA_01580	720	101.4319
S1_CAIHDJAA_01581	549	85.8379
S1_CAIHDJAA_01582	669	93.8087
S1_CAIHDJAA_01583	288	99.8264
S1_CAIHDJAA_01584	1644	96.6436
S1_CAIHDJAA_01585	339	87.8525
S1_CAIHDJAA_01586	366	91.7732
S1_CAIHDJAA_01587	417	80.1463
S1_CAIHDJAA_01588	1533	89.0691
S1_CAIHDJAA_01589	978	105.0910
S1_CAIHDJAA_01590	1167	93.3513
S1_CAIHDJAA_01591	276	65.9239
S1_CAIHDJAA_01592	351	93.1481
S1_CAIHDJAA_01593	846	83.5071
S1_CAIHDJAA_01594	822	106.8029
S1_CAIHDJAA_01595	921	84.7188
S1_CAIHDJAA_01596	516	90.8043
S1_CAIHDJAA_01597	1245	95.4811
S1_CAIHDJAA_01598	1365	93.4601
S1_CAIHDJAA_01599	159	98.7547
S1_CAIHDJAA_01600	1299	104.0023
S1_CAIHDJAA_01601	1293	99.0371
S1_CAIHDJAA_01602	1284	91.2905
S1_CAIHDJAA_01603	1101	83.1508
S1_CAIHDJAA_01604	1137	99.2595
S1_CAIHDJAA_01605	1383	93.1367
S1_CAIHDJAA_01606	8664	99.4496
S1_CAIHDJAA_01607	1023	95.2180
S1_CAIHDJAA_01608	708	97.5283
S1_CAIHDJAA_01609	1389	90.7199
S1_CAIHDJAA_01610	903	96.1661
S1_CAIHDJAA_01611	2046	91.1740
S1_CAIHDJAA_01612	270	90.5630
S1_CAIHDJAA_01613	348	94.1178
S1_CAIHDJAA_01614	573	98.8883
S1_CAIHDJAA_01615	1143	98.5398
S1_CAIHDJAA_01616	651	98.7112
S1_CAIHDJAA_01617	1284	93.5950
S1_CAIHDJAA_01618	1056	102.0161
S1_CAIHDJAA_01619	585	102.9675
S1_CAIHDJAA_01620	612	96.9853
S1_CAIHDJAA_01621	708	98.4477
S1_CAIHDJAA_01622	762	82.8648
S1_CAIHDJAA_01623	660	94.5818
S1_CAIHDJAA_01624	1242	85.6039
S1_CAIHDJAA_01625	936	87.8077
S1_CAIHDJAA_01626	1410	83.3496
S1_CAIHDJAA_01627	1086	98.9696
S1_CAIHDJAA_01628	927	106.0777
S1_CAIHDJAA_01629	2331	92.4462
S1_CAIHDJAA_01630	279	102.5448
S1_CAIHDJAA_01631	561	102.0927
S1_CAIHDJAA_01632	885	102.2847
S1_CAIHDJAA_01633	156	87.7628
S1_CAIHDJAA_01634	570	81.8053
S1_CAIHDJAA_01635	729	95.0549
S1_CAIHDJAA_01636	1494	93.7470
S1_CAIHDJAA_01637	1509	99.1809
S1_CAIHDJAA_01638	1260	100.6476
S1_CAIHDJAA_01639	366	102.6940
S1_CAIHDJAA_01640	1635	97.9003
S1_CAIHDJAA_01641	999	102.2052
S1_CAIHDJAA_01642	639	88.9124
S1_CAIHDJAA_01643	411	80.6156
S1_CAIHDJAA_01644	1278	119.8505
S1_CAIHDJAA_01645	339	101.9410
S1_CAIHDJAA_01646	714	87.8025
S1_CAIHDJAA_01647	663	111.9668
S1_CAIHDJAA_01648	249	79.7229
S1_CAIHDJAA_01649	708	88.4534
S1_CAIHDJAA_01650	462	99.5390
S1_CAIHDJAA_01651	1383	88.2386
S1_CAIHDJAA_01652	1539	89.0383
S1_CAIHDJAA_01653	1455	90.5663
S1_CAIHDJAA_01654	77	89.0909
S1_CAIHDJAA_01655	1617	87.3420
S1_CAIHDJAA_01656	285	82.4632
S1_CAIHDJAA_01657	990	97.2455
S1_CAIHDJAA_01658	111	109.5135
S1_CAIHDJAA_01659	195	106.0564
S1_CAIHDJAA_01660	1239	93.8031
S1_CAIHDJAA_01661	543	6.0460
S1_CAIHDJAA_01662	132	151.6061
S1_CAIHDJAA_01663	309	91.0712
S1_CAIHDJAA_01664	633	94.1517
S1_CAIHDJAA_01665	639	97.5055
S1_CAIHDJAA_01666	294	95.8708
S1_CAIHDJAA_01667	828	94.6787
S1_CAIHDJAA_01668	282	84.7553
S1_CAIHDJAA_01669	336	80.8988
S1_CAIHDJAA_01670	666	85.6441
S1_CAIHDJAA_01671	435	85.4460
S1_CAIHDJAA_01672	210	95.1190
S1_CAIHDJAA_01673	255	104.7569
S1_CAIHDJAA_01674	369	90.0379
S1_CAIHDJAA_01675	324	88.9630
S1_CAIHDJAA_01676	540	97.9037
S1_CAIHDJAA_01677	186	75.8602
S1_CAIHDJAA_01678	399	92.6366
S1_CAIHDJAA_01679	597	95.5561
S1_CAIHDJAA_01680	369	94.9323
S1_CAIHDJAA_01681	504	89.3115
S1_CAIHDJAA_01682	444	91.9347
S1_CAIHDJAA_01683	1257	94.6078
S1_CAIHDJAA_01684	654	90.7294
S1_CAIHDJAA_01685	747	95.9531
S1_CAIHDJAA_01686	267	98.0262
S1_CAIHDJAA_01687	219	105.2146
S1_CAIHDJAA_01688	114	81.3070
S1_CAIHDJAA_01689	369	99.3604
S1_CAIHDJAA_01690	393	94.4148
S1_CAIHDJAA_01691	621	97.8889
S1_CAIHDJAA_01692	948	93.7933
S1_CAIHDJAA_01693	339	93.0501
S1_CAIHDJAA_01694	834	93.4796
S1_CAIHDJAA_01695	861	87.4924
S1_CAIHDJAA_01696	807	84.1202
S1_CAIHDJAA_01697	735	93.7578
S1_CAIHDJAA_01698	432	93.8241
S1_CAIHDJAA_01699	393	100.6387
S1_CAIHDJAA_01700	480	3.8458
S1_CAIHDJAA_01701	501	6.2096
S1_CAIHDJAA_01702	342	85.8860
S1_CAIHDJAA_01703	1365	93.5245
S1_CAIHDJAA_01704	1863	98.0285
S1_CAIHDJAA_01705	1152	81.6120
S1_CAIHDJAA_01706	102	69.5392
S1_CAIHDJAA_01707	663	83.3514
S1_CAIHDJAA_01708	948	98.1867
S1_CAIHDJAA_01709	1074	87.0959
S1_CAIHDJAA_01710	1371	89.8607
S1_CAIHDJAA_01711	552	90.6286
S1_CAIHDJAA_01712	912	103.5154
S1_CAIHDJAA_01713	924	94.4156
S1_CAIHDJAA_01714	1050	98.4686
S1_CAIHDJAA_01715	1059	101.4259
S1_CAIHDJAA_01716	846	90.0378
S1_CAIHDJAA_01717	1107	97.4806
S1_CAIHDJAA_01718	1260	99.2651
S1_CAIHDJAA_01719	918	104.5447
S1_CAIHDJAA_01720	1095	86.1909
S1_CAIHDJAA_01721	1152	91.3533
S1_CAIHDJAA_01722	1413	96.6277
S1_CAIHDJAA_01723	1038	91.5626
S1_CAIHDJAA_01724	1158	91.6347
S1_CAIHDJAA_01725	801	186.3708
S1_CAIHDJAA_01726	993	176.9809
S1_CAIHDJAA_01727	948	173.7046
S1_CAIHDJAA_01728	369	101.9079
S1_CAIHDJAA_01729	270	88.4815
S1_CAIHDJAA_01730	1089	95.0202
S1_CAIHDJAA_01731	597	96.8409
S1_CAIHDJAA_01732	801	93.9825
S1_CAIHDJAA_01733	414	154.0628
S1_CAIHDJAA_01734	1230	181.4341
S1_CAIHDJAA_01735	1050	94.6600
S1_CAIHDJAA_01736	1404	96.0641
S1_CAIHDJAA_01737	747	93.9264
S1_CAIHDJAA_01738	285	104.5754
S1_CAIHDJAA_01739	585	105.8034
S1_CAIHDJAA_01740	999	115.9239
S1_CAIHDJAA_01741	876	97.1690
S1_CAIHDJAA_01742	1221	99.0909
S1_CAIHDJAA_01743	492	115.1606
S1_CAIHDJAA_01744	468	113.0769
S1_CAIHDJAA_01745	168	80.7500
S1_CAIHDJAA_01746	1104	98.7591
S1_CAIHDJAA_01747	1254	94.0678
S1_CAIHDJAA_01748	807	112.2094
S1_CAIHDJAA_01749	1359	106.8999
S1_CAIHDJAA_01750	975	106.7682
S1_CAIHDJAA_01751	984	116.6026
S1_CAIHDJAA_01752	1443	107.5544
S1_CAIHDJAA_01753	1248	105.4575
S1_CAIHDJAA_01754	957	102.7168
S1_CAIHDJAA_01755	222	111.3243
S1_CAIHDJAA_01756	76	96.1842
S1_CAIHDJAA_01757	1794	105.4454
S1_CAIHDJAA_01758	1281	104.9906
S1_CAIHDJAA_01759	1383	103.2531
S1_CAIHDJAA_01760	1248	106.3574
S1_CAIHDJAA_01761	237	110.9030
S1_CAIHDJAA_01762	1359	92.6394
S1_CAIHDJAA_01763	1812	109.2147
S1_CAIHDJAA_01764	519	76.7630
S1_CAIHDJAA_01765	540	95.4852
S1_CAIHDJAA_01766	624	98.5417
S1_CAIHDJAA_01767	1380	91.1775
S1_CAIHDJAA_01768	1773	91.3068
S1_CAIHDJAA_01769	330	110.4667
S1_CAIHDJAA_01770	1005	107.6368
S1_CAIHDJAA_01771	603	104.8955
S1_CAIHDJAA_01772	546	86.3919
S1_CAIHDJAA_01773	1932	106.6118
S1_CAIHDJAA_01774	438	113.3128
S1_CAIHDJAA_01775	1230	84.5789
S1_CAIHDJAA_01776	678	107.4233
S1_CAIHDJAA_01777	1329	102.5056
S1_CAIHDJAA_01778	444	104.9482
S1_CAIHDJAA_01779	1968	103.1387
S1_CAIHDJAA_01780	909	112.6766
S1_CAIHDJAA_01781	309	124.7314
S1_CAIHDJAA_01782	267	95.8464
S1_CAIHDJAA_01783	453	88.9846
S1_CAIHDJAA_01784	270	119.2889
S1_CAIHDJAA_01785	216	93.9630
S1_CAIHDJAA_01786	855	110.5345
S1_CAIHDJAA_01787	564	108.4787
S1_CAIHDJAA_01788	777	95.1622
S1_CAIHDJAA_01789	333	93.9940
S1_CAIHDJAA_01790	633	103.3381
S1_CAIHDJAA_01791	681	97.8018
S1_CAIHDJAA_01792	984	82.8130
S1_CAIHDJAA_01793	915	88.5246
S1_CAIHDJAA_01794	276	80.0362
S1_CAIHDJAA_01795	183	88.9235
S1_CAIHDJAA_01796	315	91.4349
S1_CAIHDJAA_01797	1521	94.7081
S1_CAIHDJAA_01798	663	90.3544
S1_CAIHDJAA_01799	1680	81.9887
S1_CAIHDJAA_01800	1125	89.3244
S1_CAIHDJAA_01801	315	89.5302
S1_CAIHDJAA_01802	366	107.9126
S1_CAIHDJAA_01803	744	93.7271
S1_CAIHDJAA_01804	318	96.6509
S1_CAIHDJAA_01805	276	80.7029
S1_CAIHDJAA_01806	501	82.3393
S1_CAIHDJAA_01807	1365	73.3436
S1_CAIHDJAA_01808	1641	85.9701
S1_CAIHDJAA_01809	513	91.0136
S1_CAIHDJAA_01810	76	64.9211
S1_CAIHDJAA_01811	86	79.5581
S1_CAIHDJAA_01812	375	90.1467
S1_CAIHDJAA_01813	495	97.3212
S1_CAIHDJAA_01814	75	76.2533
S1_CAIHDJAA_01815	255	120.1333
S1_CAIHDJAA_01816	798	93.6717
S1_CAIHDJAA_01817	1014	101.2406
S1_CAIHDJAA_01818	1410	90.5681
S1_CAIHDJAA_01819	1155	93.2987
S1_CAIHDJAA_01820	453	98.1192
S1_CAIHDJAA_01821	1878	94.1576
S1_CAIHDJAA_01822	873	101.9107
S1_CAIHDJAA_01823	1167	92.2039
S1_CAIHDJAA_01824	489	94.6033
S1_CAIHDJAA_01825	243	85.3663
S1_CAIHDJAA_01826	1971	105.6986
S1_CAIHDJAA_01827	729	93.2949
S1_CAIHDJAA_01828	816	96.8431
S1_CAIHDJAA_01829	318	77.3302
S1_CAIHDJAA_01830	693	87.0274
S1_CAIHDJAA_01831	432	112.1227
S1_CAIHDJAA_01832	471	92.7877
S1_CAIHDJAA_01833	1170	95.8137
S1_CAIHDJAA_01834	873	86.1798
S1_CAIHDJAA_01835	546	97.9744
S1_CAIHDJAA_01836	1566	91.3570
S1_CAIHDJAA_01837	693	91.8860
S1_CAIHDJAA_01838	1176	97.7287
S1_CAIHDJAA_01839	729	91.2812
S1_CAIHDJAA_01840	186	96.8280
S1_CAIHDJAA_01841	3450	95.2962
S1_CAIHDJAA_01842	3702	92.1207
S1_CAIHDJAA_01843	1251	94.3597
S1_CAIHDJAA_01844	3543	95.7096
S1_CAIHDJAA_01845	1038	83.5241
S1_CAIHDJAA_01846	663	89.8039
S1_CAIHDJAA_01847	435	100.6575
S1_CAIHDJAA_01848	177	99.3616
S1_CAIHDJAA_01849	972	106.7521
S1_CAIHDJAA_01850	1578	102.6844
S1_CAIHDJAA_01851	1167	83.7566
S1_CAIHDJAA_01852	621	81.5459
S1_CAIHDJAA_01853	747	92.9331
S1_CAIHDJAA_01854	525	101.4419
S1_CAIHDJAA_01855	936	90.2212
S1_CAIHDJAA_01856	459	98.1699
S1_CAIHDJAA_01857	1101	92.8665
S1_CAIHDJAA_01858	1068	102.4410
S1_CAIHDJAA_01859	429	95.6084
S1_CAIHDJAA_01860	306	90.0686
S1_CAIHDJAA_01861	276	4.6957
S1_CAIHDJAA_01862	1557	95.9653
S1_CAIHDJAA_01863	1068	91.9429
S1_CAIHDJAA_01864	933	89.7363
S1_CAIHDJAA_01865	1002	92.9910
S1_CAIHDJAA_01866	1023	97.7937
S1_CAIHDJAA_01867	462	91.5433
S1_CAIHDJAA_01868	141	80.2979
S1_CAIHDJAA_01869	2136	90.3549
S1_CAIHDJAA_01870	1089	92.4601
S1_CAIHDJAA_01871	1455	88.4756
S1_CAIHDJAA_01872	1344	96.0417
S1_CAIHDJAA_01873	381	90.2913
S1_CAIHDJAA_01874	1116	96.8056
S1_CAIHDJAA_01875	981	95.5382
S1_CAIHDJAA_01876	1656	101.0483
S1_CAIHDJAA_01877	444	92.8491
S1_CAIHDJAA_01878	1167	99.4190
S1_CAIHDJAA_01879	2118	99.1213
S1_CAIHDJAA_01880	1275	97.4306
S1_CAIHDJAA_01881	300	92.6333
S1_CAIHDJAA_01882	744	104.8575
S1_CAIHDJAA_01883	99	85.7172
S1_CAIHDJAA_01884	1170	101.6504
S1_CAIHDJAA_01885	2490	94.9024
S1_CAIHDJAA_01886	2328	98.5472
S1_CAIHDJAA_01887	1053	91.2308
S1_CAIHDJAA_01888	297	104.0034
S1_CAIHDJAA_01889	366	109.1831
S1_CAIHDJAA_01890	609	109.2775
S1_CAIHDJAA_01891	765	100.9333
S1_CAIHDJAA_01892	300	102.6233
S1_CAIHDJAA_01893	1077	97.0046
S1_CAIHDJAA_01894	963	96.3832
S1_CAIHDJAA_01895	489	103.4928
S1_CAIHDJAA_01896	726	94.1240
S1_CAIHDJAA_01897	756	81.0093
S1_CAIHDJAA_01898	2004	100.8623
S1_CAIHDJAA_01899	489	96.9305
S1_CAIHDJAA_01900	2451	97.7895
S1_CAIHDJAA_01901	702	92.4886
S1_CAIHDJAA_01902	324	88.4846
S1_CAIHDJAA_01903	1143	102.4471
S1_CAIHDJAA_01904	924	95.8874
S1_CAIHDJAA_01905	258	110.6008
S1_CAIHDJAA_01906	168	101.6012
S1_CAIHDJAA_01907	801	322.8926
S1_CAIHDJAA_01908	993	366.2195
S1_CAIHDJAA_01909	234	97.5128
S1_CAIHDJAA_01910	3591	93.5943
S1_CAIHDJAA_01911	960	93.6281
S1_CAIHDJAA_01912	354	94.8842
S1_CAIHDJAA_01913	1341	87.8494
S1_CAIHDJAA_01914	261	84.6858
S1_CAIHDJAA_01915	228	82.0439
S1_CAIHDJAA_01916	504	78.4583
S1_CAIHDJAA_01917	729	73.9794
S1_CAIHDJAA_01918	345	82.3826
S1_CAIHDJAA_01919	834	93.8034
S1_CAIHDJAA_01920	1533	95.5545
S1_CAIHDJAA_01921	798	93.5000
S1_CAIHDJAA_01922	984	94.7510
S1_CAIHDJAA_01923	372	85.3414
S1_CAIHDJAA_01924	729	100.5103
S1_CAIHDJAA_01925	1089	93.7631
S1_CAIHDJAA_01926	2082	93.9664
S1_CAIHDJAA_01927	801	81.1685
S1_CAIHDJAA_01928	753	91.3466
S1_CAIHDJAA_01929	408	91.8162
S1_CAIHDJAA_01930	444	104.0315
S1_CAIHDJAA_01931	297	83.2626
S1_CAIHDJAA_01932	1512	89.8657
S1_CAIHDJAA_01933	1008	90.4851
S1_CAIHDJAA_01934	726	88.3388
S1_CAIHDJAA_01935	1314	88.0928
S1_CAIHDJAA_01936	444	101.5923
S1_CAIHDJAA_01937	579	86.7133
S1_CAIHDJAA_01938	1374	97.0131
S1_CAIHDJAA_01939	396	80.6237
S1_CAIHDJAA_01940	369	86.0569
S1_CAIHDJAA_01941	1254	84.8804
S1_CAIHDJAA_01942	210	88.2762
S1_CAIHDJAA_01943	408	84.9559
S1_CAIHDJAA_01944	999	96.7117
S1_CAIHDJAA_01945	1128	90.7101
S1_CAIHDJAA_01946	348	104.3678
S1_CAIHDJAA_01947	378	75.6772
S1_CAIHDJAA_01948	666	94.4414
S1_CAIHDJAA_01949	258	83.7984
S1_CAIHDJAA_01950	783	96.2708
S1_CAIHDJAA_01951	1092	92.0174
S1_CAIHDJAA_01952	294	67.6973
S1_CAIHDJAA_01953	76	62.3158
S1_CAIHDJAA_01954	77	77.7403
S1_CAIHDJAA_01955	76	74.4211
S1_CAIHDJAA_01956	2100	96.4714
S1_CAIHDJAA_01957	549	89.3224
S1_CAIHDJAA_01958	810	88.4568
S1_CAIHDJAA_01959	339	101.3569
S1_CAIHDJAA_01960	126	79.1746
S1_CAIHDJAA_01961	711	91.8762
S1_CAIHDJAA_01962	1125	92.6978
S1_CAIHDJAA_01963	1506	84.4250
S1_CAIHDJAA_01964	450	92.8244
S1_CAIHDJAA_01965	1269	100.8652
S1_CAIHDJAA_01966	729	84.3128
S1_CAIHDJAA_01967	1047	85.5817
S1_CAIHDJAA_01968	1200	81.6350
S1_CAIHDJAA_01969	795	90.8579
S1_CAIHDJAA_01970	636	91.2956
S1_CAIHDJAA_01971	792	86.8876
S1_CAIHDJAA_01972	492	90.4817
S1_CAIHDJAA_01973	85	62.4824
S1_CAIHDJAA_01974	1299	91.6351
S1_CAIHDJAA_01975	588	87.2041
S1_CAIHDJAA_01976	1275	92.0071
S1_CAIHDJAA_01977	2337	97.9054
S1_CAIHDJAA_01978	579	87.2366
S1_CAIHDJAA_01979	861	83.1103
S1_CAIHDJAA_01980	1632	98.7647
S1_CAIHDJAA_01981	813	75.9213
S1_CAIHDJAA_01982	747	85.5542
S1_CAIHDJAA_01983	1011	85.3729
S1_CAIHDJAA_01984	90	145.5111
S1_CAIHDJAA_01985	1335	75.6899
S1_CAIHDJAA_01986	207	133.4541
S1_CAIHDJAA_01987	150	80.1867
S1_CAIHDJAA_01988	531	183.2693
S1_CAIHDJAA_01989	732	182.0000
S1_CAIHDJAA_01990	1032	191.2064
S1_CAIHDJAA_01991	621	101.0177
S1_CAIHDJAA_01992	942	93.8471
S1_CAIHDJAA_01993	948	93.7616
S1_CAIHDJAA_01994	978	100.0695
S1_CAIHDJAA_01995	1179	98.0331
S1_CAIHDJAA_01996	387	101.0491
S1_CAIHDJAA_01997	798	97.5877
S1_CAIHDJAA_01998	591	102.9678
S1_CAIHDJAA_01999	357	102.0924
S1_CAIHDJAA_02000	1128	102.1339
S1_CAIHDJAA_02001	1041	96.7714
S1_CAIHDJAA_02002	1023	94.6530
S1_CAIHDJAA_02003	984	96.0691
S1_CAIHDJAA_02004	1089	99.0321
S1_CAIHDJAA_02005	3528	91.5281
S1_CAIHDJAA_02006	555	88.9261
S1_CAIHDJAA_02007	207	91.9034
S1_CAIHDJAA_02008	153	80.2418
S1_CAIHDJAA_02009	429	124.0163
S1_CAIHDJAA_02010	678	92.5531
S1_CAIHDJAA_02011	1041	92.2113
S1_CAIHDJAA_02012	897	87.5485
S1_CAIHDJAA_02013	462	73.3701
S1_CAIHDJAA_02014	432	106.6088
S1_CAIHDJAA_02015	429	74.6946
S1_CAIHDJAA_02016	1443	95.3368
S1_CAIHDJAA_02017	834	96.7290
S1_CAIHDJAA_02018	924	106.8344
S1_CAIHDJAA_02019	1287	98.9713
S1_CAIHDJAA_02020	1704	99.1825
S1_CAIHDJAA_02021	1098	103.4253
S1_CAIHDJAA_02022	723	92.5519
S1_CAIHDJAA_02023	1131	94.2228
S1_CAIHDJAA_02024	1530	93.2993
S1_CAIHDJAA_02025	1059	93.2380
S1_CAIHDJAA_02026	921	94.8556
S1_CAIHDJAA_02027	732	87.2459
S1_CAIHDJAA_02028	408	86.9632
S1_CAIHDJAA_02029	1170	98.5564
S1_CAIHDJAA_02030	1296	99.3603
S1_CAIHDJAA_02031	1647	100.9915
S1_CAIHDJAA_02032	948	90.5411
S1_CAIHDJAA_02033	1401	87.7923
S1_CAIHDJAA_02034	486	104.3189
S1_CAIHDJAA_02035	828	90.1630
S1_CAIHDJAA_02036	1152	89.8472
S1_CAIHDJAA_02037	1926	92.1739
S1_CAIHDJAA_02038	354	101.8814
S1_CAIHDJAA_02039	852	101.3251
S1_CAIHDJAA_02040	825	83.4182
S1_CAIHDJAA_02041	891	97.9461
S1_CAIHDJAA_02042	765	105.3595
S1_CAIHDJAA_02043	384	104.9844
S1_CAIHDJAA_02044	675	100.4830
S1_CAIHDJAA_02045	822	99.3479
S1_CAIHDJAA_02046	153	82.7255
S1_CAIHDJAA_02047	1017	88.8987
S1_CAIHDJAA_02048	678	95.4572
S1_CAIHDJAA_02049	1401	97.4104
S1_CAIHDJAA_02050	1473	100.1358
S1_CAIHDJAA_02051	513	92.8109
S1_CAIHDJAA_02052	540	99.8389
S1_CAIHDJAA_02053	76	95.5132
S1_CAIHDJAA_02054	76	64.0000
S1_CAIHDJAA_02055	86	71.5000
S1_CAIHDJAA_02056	504	93.9464
S1_CAIHDJAA_02057	1188	92.2601
S1_CAIHDJAA_02058	2208	93.1495
S1_CAIHDJAA_02059	690	96.9928
S1_CAIHDJAA_02060	417	101.7938
S1_CAIHDJAA_02061	276	77.7754
S1_CAIHDJAA_02062	477	92.5031
S1_CAIHDJAA_02063	1443	92.6389
S1_CAIHDJAA_02064	894	89.7092
S1_CAIHDJAA_02065	558	91.5699
S1_CAIHDJAA_02066	498	90.7450
S1_CAIHDJAA_02067	228	106.9254
S1_CAIHDJAA_02068	1215	87.9753
S1_CAIHDJAA_02069	1014	92.2692
S1_CAIHDJAA_02070	963	103.6428
S1_CAIHDJAA_02071	924	105.2240
S1_CAIHDJAA_02072	780	97.0282
S1_CAIHDJAA_02073	1956	101.9070
S1_CAIHDJAA_02074	186	107.0538
S1_CAIHDJAA_02075	342	84.3158
S1_CAIHDJAA_02076	1545	89.1819
S1_CAIHDJAA_02077	438	88.2032
S1_CAIHDJAA_02078	489	97.3476
S1_CAIHDJAA_02079	186	3.1935
S1_CAIHDJAA_02080	1896	94.5506
S1_CAIHDJAA_02081	975	91.6062
S1_CAIHDJAA_02082	1494	97.9712
S1_CAIHDJAA_02083	900	95.1211
S1_CAIHDJAA_02084	1188	97.5640
S1_CAIHDJAA_02085	750	105.3120
S1_CAIHDJAA_02086	732	94.3593
S1_CAIHDJAA_02087	1050	93.9743
S1_CAIHDJAA_02088	756	81.5291
S1_CAIHDJAA_02089	675	84.6222
S1_CAIHDJAA_02090	585	93.9385
S1_CAIHDJAA_02091	612	84.2157
S1_CAIHDJAA_02092	1137	73.8769
S1_CAIHDJAA_02093	624	85.0192
S1_CAIHDJAA_02094	366	94.5902
S1_CAIHDJAA_02095	753	90.9124
S1_CAIHDJAA_02096	543	101.5764
S1_CAIHDJAA_02097	1104	86.2681
S1_CAIHDJAA_02098	732	187.1680
S1_CAIHDJAA_02099	486	186.4959
S1_CAIHDJAA_02100	942	184.0796
S1_CAIHDJAA_02101	1170	180.9897
S1_CAIHDJAA_02102	336	206.0268
S1_CAIHDJAA_02103	1446	178.4198
S1_CAIHDJAA_02104	77	194.7662
S1_CAIHDJAA_02105	291	2.6357
S1_CAIHDJAA_02106	141	3.3688
S1_CAIHDJAA_02107	615	5.9610
S1_CAIHDJAA_02108	76	56.9342
S1_CAIHDJAA_02109	353	75.0255
S1_CAIHDJAA_02110	471	97.9299
S1_CAIHDJAA_02111	2169	95.1443
S1_CAIHDJAA_02112	552	92.1830
S1_CAIHDJAA_02113	2634	88.1545
S1_CAIHDJAA_02114	813	99.2472
S1_CAIHDJAA_02115	642	82.8349
S1_CAIHDJAA_02116	1389	95.1771
S1_CAIHDJAA_02117	429	82.8695
S1_CAIHDJAA_02118	747	89.5208
S1_CAIHDJAA_02119	672	78.6220
S1_CAIHDJAA_02120	909	95.7756
S1_CAIHDJAA_02121	699	80.6295
S1_CAIHDJAA_02122	480	83.5437
S1_CAIHDJAA_02123	2124	93.6831
S1_CAIHDJAA_02124	987	71.9797
S1_CAIHDJAA_02125	1188	102.1524
S1_CAIHDJAA_02126	270	80.0111
S1_CAIHDJAA_02127	444	90.3626
S1_CAIHDJAA_02128	186	95.4785
S1_CAIHDJAA_02129	345	77.7217
S1_CAIHDJAA_02130	1350	91.4867
S1_CAIHDJAA_02131	2154	83.8287
S1_CAIHDJAA_02132	420	96.2500
S1_CAIHDJAA_02133	234	350.1325
S1_CAIHDJAA_02134	1233	90.1865
S1_CAIHDJAA_02135	1689	93.8034
S1_CAIHDJAA_02136	525	81.2495
S1_CAIHDJAA_02137	810	85.9617
S1_CAIHDJAA_02138	285	89.0281
S1_CAIHDJAA_02139	201	59.1741
S1_CAIHDJAA_02140	1356	89.7957
S1_CAIHDJAA_02141	267	102.0300
S1_CAIHDJAA_02142	1179	92.0204
S1_CAIHDJAA_02143	378	89.7910
S1_CAIHDJAA_02144	309	92.2524
S1_CAIHDJAA_02145	897	96.1505
S1_CAIHDJAA_02146	1458	93.5384
S1_CAIHDJAA_02147	618	89.2476
S1_CAIHDJAA_02148	246	90.0569
S1_CAIHDJAA_02149	669	84.0837
S1_CAIHDJAA_02150	894	80.1242
S1_CAIHDJAA_02151	1791	90.8264
S1_CAIHDJAA_02152	1071	102.1326
S1_CAIHDJAA_02153	825	72.5927
S1_CAIHDJAA_02154	1017	81.3805
S1_CAIHDJAA_02155	843	91.4460
S1_CAIHDJAA_02156	1272	90.5928
S1_CAIHDJAA_02157	159	90.1761
S1_CAIHDJAA_02158	804	72.9453
S1_CAIHDJAA_02159	561	87.2157
S1_CAIHDJAA_02160	375	94.0187
S1_CAIHDJAA_02161	1146	93.8857
S1_CAIHDJAA_02162	762	92.7008
S1_CAIHDJAA_02163	657	93.2390
S1_CAIHDJAA_02164	495	90.2606
S1_CAIHDJAA_02165	324	83.5525
S1_CAIHDJAA_02166	1500	96.5200
S1_CAIHDJAA_02167	2466	93.9651
S1_CAIHDJAA_02168	1701	93.2922
S1_CAIHDJAA_02169	89	87.4157
S1_CAIHDJAA_02170	1992	103.1014
S1_CAIHDJAA_02171	1242	87.7440
S1_CAIHDJAA_02172	483	92.5797
S1_CAIHDJAA_02173	429	76.1725
S1_CAIHDJAA_02174	651	85.2012
S1_CAIHDJAA_02175	411	82.9781
S1_CAIHDJAA_02176	354	88.5565
S1_CAIHDJAA_02177	357	87.6555
S1_CAIHDJAA_02178	921	91.2606
S1_CAIHDJAA_02179	741	86.1552
S1_CAIHDJAA_02180	447	87.9485
S1_CAIHDJAA_02181	567	84.0705
S1_CAIHDJAA_02182	498	82.8012
S1_CAIHDJAA_02183	564	86.5035
S1_CAIHDJAA_02184	1017	89.4739
S1_CAIHDJAA_02185	213	88.3521
S1_CAIHDJAA_02186	1026	91.0663
S1_CAIHDJAA_02187	1128	93.7988
S1_CAIHDJAA_02188	300	92.7467
S1_CAIHDJAA_02189	375	89.7520
S1_CAIHDJAA_02190	1386	100.4401
S1_CAIHDJAA_02191	558	91.7814
S1_CAIHDJAA_02192	1236	82.9919
S1_CAIHDJAA_02193	912	88.0965
S1_CAIHDJAA_02194	1668	93.9227
S1_CAIHDJAA_02195	2448	91.2153
S1_CAIHDJAA_02196	522	98.9751
S1_CAIHDJAA_02197	2160	93.4403
S1_CAIHDJAA_02198	450	76.6200
S1_CAIHDJAA_02199	633	93.8468
S1_CAIHDJAA_02200	1209	91.1009
S1_CAIHDJAA_02201	693	89.9596
S1_CAIHDJAA_02202	1182	93.4535
S1_CAIHDJAA_02203	441	102.4240
S1_CAIHDJAA_02204	1257	88.2029
S1_CAIHDJAA_02205	1779	90.3929
S1_CAIHDJAA_02206	708	98.0141
S1_CAIHDJAA_02207	267	80.8165
S1_CAIHDJAA_02208	672	94.4554
S1_CAIHDJAA_02209	1029	91.8319
S1_CAIHDJAA_02210	303	93.2607
S1_CAIHDJAA_02211	1374	86.4549
S1_CAIHDJAA_02212	375	82.2107
S1_CAIHDJAA_02213	2205	82.8775
S1_CAIHDJAA_02214	1344	84.8787
S1_CAIHDJAA_02215	1065	98.9728
S1_CAIHDJAA_02216	240	92.2708
S1_CAIHDJAA_02217	411	78.5693
S1_CAIHDJAA_02218	1095	101.1242
S1_CAIHDJAA_02219	162	90.0062
S1_CAIHDJAA_02220	1077	99.5868
S1_CAIHDJAA_02221	2634	94.8368
S1_CAIHDJAA_02222	258	98.9070
S1_CAIHDJAA_02223	411	87.8102
S1_CAIHDJAA_02224	288	79.3264
S1_CAIHDJAA_02225	441	94.5147
S1_CAIHDJAA_02226	1683	86.0244
S1_CAIHDJAA_02227	330	98.9030
S1_CAIHDJAA_02228	471	94.5117
S1_CAIHDJAA_02229	1056	91.9100
S1_CAIHDJAA_02230	639	99.0720
S1_CAIHDJAA_02231	1218	82.5041
S1_CAIHDJAA_02232	1608	91.7519
S1_CAIHDJAA_02233	720	88.8153
S1_CAIHDJAA_02234	501	83.2255
S1_CAIHDJAA_02235	855	93.4211
S1_CAIHDJAA_02236	1677	80.0596
S1_CAIHDJAA_02237	1050	88.6981
S1_CAIHDJAA_02238	1212	85.3870
S1_CAIHDJAA_02239	333	71.1081
S1_CAIHDJAA_02240	759	79.3676
S1_CAIHDJAA_02241	450	89.2933
S1_CAIHDJAA_02242	666	87.4535
S1_CAIHDJAA_02243	507	80.6272
S1_CAIHDJAA_02244	531	83.1073
S1_CAIHDJAA_02245	261	73.1264
S1_CAIHDJAA_02246	960	89.8865
S1_CAIHDJAA_02247	489	91.6892
S1_CAIHDJAA_02248	756	86.5701
S1_CAIHDJAA_02249	516	81.7326
S1_CAIHDJAA_02250	879	86.1058
S1_CAIHDJAA_02251	1119	89.8418
S1_CAIHDJAA_02252	1245	89.3373
S1_CAIHDJAA_02253	447	83.3982
S1_CAIHDJAA_02254	1032	86.9719
S1_CAIHDJAA_02255	558	90.9642
S1_CAIHDJAA_02256	471	95.5202
S1_CAIHDJAA_02257	999	88.6386
S1_CAIHDJAA_02258	513	100.6452
S1_CAIHDJAA_02259	198	89.2778
S1_CAIHDJAA_02260	387	80.2662
S1_CAIHDJAA_02261	1131	90.4686
S1_CAIHDJAA_02262	567	95.0317
S1_CAIHDJAA_02263	582	85.4948
S1_CAIHDJAA_02264	546	83.6062
S1_CAIHDJAA_02265	408	74.5613
S1_CAIHDJAA_02266	423	86.9953
S1_CAIHDJAA_02267	834	84.2326
S1_CAIHDJAA_02268	1206	81.6219
S1_CAIHDJAA_02269	228	88.2368
S1_CAIHDJAA_02270	885	89.5763
S1_CAIHDJAA_02271	588	75.3554
S1_CAIHDJAA_02272	1863	91.0258
S1_CAIHDJAA_02273	801	86.0237
S1_CAIHDJAA_02274	849	94.6278
S1_CAIHDJAA_02275	456	92.6754
S1_CAIHDJAA_02276	1701	93.6449
S1_CAIHDJAA_02277	1314	92.1423
S1_CAIHDJAA_02278	783	86.5223
S1_CAIHDJAA_02279	1122	86.2620
S1_CAIHDJAA_02280	927	91.0852
S1_CAIHDJAA_02281	687	91.9884
S1_CAIHDJAA_02282	813	91.7454
S1_CAIHDJAA_02283	1077	88.0733
S1_CAIHDJAA_02284	123	84.7398
S1_CAIHDJAA_02285	540	84.6685
S1_CAIHDJAA_02286	1173	87.3956
S1_CAIHDJAA_02287	555	85.5225
S1_CAIHDJAA_02288	915	94.7869
S1_CAIHDJAA_02289	1146	87.5742
S1_CAIHDJAA_02290	336	77.2411
S1_CAIHDJAA_02291	432	81.5208
S1_CAIHDJAA_02292	741	90.5371
S1_CAIHDJAA_02293	360	75.7639
S1_CAIHDJAA_02294	447	91.2237
S1_CAIHDJAA_02295	1014	80.3669
S1_CAIHDJAA_02296	357	84.9832
S1_CAIHDJAA_02297	1167	90.8543
S1_CAIHDJAA_02298	609	81.7225
S1_CAIHDJAA_02299	732	83.4372
S1_CAIHDJAA_02300	549	86.4317
S1_CAIHDJAA_02301	876	87.4064
S1_CAIHDJAA_02302	609	95.4154
S1_CAIHDJAA_02303	447	72.7875
S1_CAIHDJAA_02304	1203	74.1131
S1_CAIHDJAA_02305	1311	67.9626
S1_CAIHDJAA_02306	990	64.0616
S1_CAIHDJAA_02307	420	82.0214
S1_CAIHDJAA_02308	1149	90.5561
S1_CAIHDJAA_02309	972	91.7109
S1_CAIHDJAA_02310	1284	89.9642
S1_CAIHDJAA_02311	711	93.4627
S1_CAIHDJAA_02312	378	93.2698
S1_CAIHDJAA_02313	834	86.1307
S1_CAIHDJAA_02314	867	77.4844
S1_CAIHDJAA_02315	1398	86.9671
S1_CAIHDJAA_02316	429	90.6364
S1_CAIHDJAA_02317	639	96.4257
S1_CAIHDJAA_02318	759	96.2503
S1_CAIHDJAA_02319	1140	94.1009
S1_CAIHDJAA_02320	825	90.3697
S1_CAIHDJAA_02321	564	79.3954
S1_CAIHDJAA_02322	864	97.4213
S1_CAIHDJAA_02323	1251	88.5428
S1_CAIHDJAA_02324	708	89.0099
S1_CAIHDJAA_02325	630	100.5413
S1_CAIHDJAA_02326	1221	88.3120
S1_CAIHDJAA_02327	462	80.4199
S1_CAIHDJAA_02328	165	82.5091
S1_CAIHDJAA_02329	666	77.1562
S1_CAIHDJAA_02330	579	96.0466
S1_CAIHDJAA_02331	864	93.6528
S1_CAIHDJAA_02332	1098	86.0619
S1_CAIHDJAA_02333	375	80.0347
S1_CAIHDJAA_02334	780	87.7462
S1_CAIHDJAA_02335	1416	99.1109
S1_CAIHDJAA_02336	2604	88.2262
S1_CAIHDJAA_02337	1845	92.6976
S1_CAIHDJAA_02338	948	91.1403
S1_CAIHDJAA_02339	261	84.5632
S1_CAIHDJAA_02340	795	89.4516
S1_CAIHDJAA_02341	468	94.0919
S1_CAIHDJAA_02342	993	93.5509
S1_CAIHDJAA_02343	1275	92.2486
S1_CAIHDJAA_02344	897	86.4370
S1_CAIHDJAA_02345	1422	86.3748
S1_CAIHDJAA_02346	1188	93.5960
S1_CAIHDJAA_02347	837	96.5591
S1_CAIHDJAA_02348	261	84.2452
S1_CAIHDJAA_02349	783	91.1724
S1_CAIHDJAA_02350	1527	89.0439
S1_CAIHDJAA_02351	603	89.1559
S1_CAIHDJAA_02352	1026	93.6715
S1_CAIHDJAA_02353	1242	92.0821
S1_CAIHDJAA_02354	537	74.8250
S1_CAIHDJAA_02355	1311	89.5263
S1_CAIHDJAA_02356	2127	85.8416
S1_CAIHDJAA_02357	210	110.8429
S1_CAIHDJAA_02358	717	96.0223
S1_CAIHDJAA_02359	1197	82.9641
S1_CAIHDJAA_02360	252	103.8611
S1_CAIHDJAA_02361	447	90.9955
S1_CAIHDJAA_02362	1257	91.7017
S1_CAIHDJAA_02363	198	80.6869
S1_CAIHDJAA_02364	258	89.9031
S1_CAIHDJAA_02365	2103	91.4955
S1_CAIHDJAA_02366	282	90.1738
S1_CAIHDJAA_02367	951	88.3817
S1_CAIHDJAA_02368	843	91.2064
S1_CAIHDJAA_02369	954	91.0597
S1_CAIHDJAA_02370	360	96.2361
S1_CAIHDJAA_02371	2094	86.4441
S1_CAIHDJAA_02372	324	84.6543
S1_CAIHDJAA_02373	273	106.2308
S1_CAIHDJAA_02374	1041	86.5351
S1_CAIHDJAA_02375	456	86.4781
S1_CAIHDJAA_02376	4224	89.3807
S1_CAIHDJAA_02377	621	87.3156
S1_CAIHDJAA_02378	1062	89.2241
S1_CAIHDJAA_02379	987	76.3860
S1_CAIHDJAA_02380	1149	91.0783
S1_CAIHDJAA_02381	780	83.1769
S1_CAIHDJAA_02382	750	84.6853
S1_CAIHDJAA_02383	186	93.3979
S1_CAIHDJAA_02384	555	88.9117
S1_CAIHDJAA_02385	714	80.9790
S1_CAIHDJAA_02386	615	89.7285
S1_CAIHDJAA_02387	786	81.2455
S1_CAIHDJAA_02388	285	81.9649
S1_CAIHDJAA_02389	1365	90.3040
S1_CAIHDJAA_02390	741	93.6383
S1_CAIHDJAA_02391	489	95.9468
S1_CAIHDJAA_02392	627	75.8533
S1_CAIHDJAA_02393	426	88.8427
S1_CAIHDJAA_02394	1530	90.8072
S1_CAIHDJAA_02395	585	96.7727
S1_CAIHDJAA_02396	630	85.8635
S1_CAIHDJAA_02397	855	83.3719
S1_CAIHDJAA_02398	1026	84.7924
S1_CAIHDJAA_02399	1290	84.5527
S1_CAIHDJAA_02400	648	19.1157
S1_CAIHDJAA_02401	528	21.4299
S1_CAIHDJAA_02402	987	20.7082
S1_CAIHDJAA_02403	1542	20.8502
S1_CAIHDJAA_02404	261	17.3525
S1_CAIHDJAA_02405	459	21.5120
S1_CAIHDJAA_02406	117	18.8120
S1_CAIHDJAA_02407	558	23.8889
S1_CAIHDJAA_02408	1293	758.9567
S1_CAIHDJAA_02409	510	105.8941
S1_CAIHDJAA_02410	417	102.3381
S1_CAIHDJAA_02411	348	171.0948
S1_CAIHDJAA_02412	732	182.8320
S1_CAIHDJAA_02413	432	89.2222
S1_CAIHDJAA_02414	2400	163.6421
S1_CAIHDJAA_02415	234	123.2393
S1_CAIHDJAA_02416	576	139.9254
S1_CAIHDJAA_02417	342	76.2047
S1_CAIHDJAA_02418	234	95.3932
S1_CAIHDJAA_02419	147	118.2721
S1_CAIHDJAA_02420	1017	103.1613
S1_CAIHDJAA_02421	1851	92.9319
S1_CAIHDJAA_02422	987	94.8308
S1_CAIHDJAA_02423	882	100.2313
S1_CAIHDJAA_02424	984	109.3211
S1_CAIHDJAA_02425	981	104.0693
S1_CAIHDJAA_02426	171	104.6842
S1_CAIHDJAA_02427	1884	97.3323
S1_CAIHDJAA_02428	909	108.3289
S1_CAIHDJAA_02429	423	173.7707
S1_CAIHDJAA_02430	384	4.3620
S1_CAIHDJAA_02431	192	6.5052
S1_CAIHDJAA_02432	249	4.9398
